CSCストアコード,都道府県,店舗名,,"no,",filename,お気に入り店舗QRのURL,LPURL,LPURL,,お気に入り店舗QRのURL
00000M1154,北海道,イオンモール旭川駅前,asahikawaekimae,001,001asahikawaekimae.html,https://iaeon.go.link/destination=qrscan_storecode?adj_t=1ghpmxty&adj_label=&store_code=00000M1154,https://www.aeon.com/aeonapp/campaign/202512_newentry50_LP/001asahikawaekimae.html,https://www.aeon.com/aeonapp/campaign/202512_newentry50_LP/001asahikawaekimae.html,,https://iaeon.go.link/destination=qrscan_storecode?adj_t=1ghpmxty&adj_label=&store_code=https://iaeon.go.link/destination=qrscan_storecode?adj_t=1ghpmxty&adj_label=&store_code=00000M1154
00000M1104,青森県,イオンモール下田,shimoda,002,002shimoda.html,https://iaeon.go.link/destination=qrscan_storecode?adj_t=1ghpmxty&adj_label=&store_code=00000M1104,https://www.aeon.com/aeonapp/campaign/202512_newentry50_LP/002shimoda.html,https://www.aeon.com/aeonapp/campaign/202512_newentry50_LP/002shimoda.html,,https://iaeon.go.link/destination=qrscan_storecode?adj_t=1ghpmxty&adj_label=&store_code=https://iaeon.go.link/destination=qrscan_storecode?adj_t=1ghpmxty&adj_label=&store_code=00000M1104
00000M1554,青森県,イオンモールつがる柏,tugarukashiwa,003,003tugarukashiwa.html,https://iaeon.go.link/destination=qrscan_storecode?adj_t=1ghpmxty&adj_label=&store_code=00000M1554,https://www.aeon.com/aeonapp/campaign/202512_newentry50_LP/003tugarukashiwa.html,https://www.aeon.com/aeonapp/campaign/202512_newentry50_LP/003tugarukashiwa.html,,https://iaeon.go.link/destination=qrscan_storecode?adj_t=1ghpmxty&adj_label=&store_code=https://iaeon.go.link/destination=qrscan_storecode?adj_t=1ghpmxty&adj_label=&store_code=00000M1554
00000M1116,岩手県,イオンモール盛岡,morioka,004,004morioka.html,https://iaeon.go.link/destination=qrscan_storecode?adj_t=1ghpmxty&adj_label=&store_code=00000M1116,https://www.aeon.com/aeonapp/campaign/202512_newentry50_LP/004morioka.html,https://www.aeon.com/aeonapp/campaign/202512_newentry50_LP/004morioka.html,,https://iaeon.go.link/destination=qrscan_storecode?adj_t=1ghpmxty&adj_label=&store_code=https://iaeon.go.link/destination=qrscan_storecode?adj_t=1ghpmxty&adj_label=&store_code=00000M1116
00000M1565,岩手県,イオンモール盛岡南,moriokaminami,005,005moriokaminami.html,https://iaeon.go.link/destination=qrscan_storecode?adj_t=1ghpmxty&adj_label=&store_code=00000M1565,https://www.aeon.com/aeonapp/campaign/202512_newentry50_LP/005moriokaminami.html,https://www.aeon.com/aeonapp/campaign/202512_newentry50_LP/005moriokaminami.html,,https://iaeon.go.link/destination=qrscan_storecode?adj_t=1ghpmxty&adj_label=&store_code=https://iaeon.go.link/destination=qrscan_storecode?adj_t=1ghpmxty&adj_label=&store_code=00000M1565
00000M1102,秋田県,イオンモール秋田,akita,006,006akita.html,https://iaeon.go.link/destination=qrscan_storecode?adj_t=1ghpmxty&adj_label=&store_code=00000M1102,https://www.aeon.com/aeonapp/campaign/202512_newentry50_LP/006akita.html,https://www.aeon.com/aeonapp/campaign/202512_newentry50_LP/006akita.html,,https://iaeon.go.link/destination=qrscan_storecode?adj_t=1ghpmxty&adj_label=&store_code=https://iaeon.go.link/destination=qrscan_storecode?adj_t=1ghpmxty&adj_label=&store_code=00000M1102
00000M1564,秋田県,イオンモール大曲,oomagari,007,007oomagari.html,https://iaeon.go.link/destination=qrscan_storecode?adj_t=1ghpmxty&adj_label=&store_code=00000M1564,https://www.aeon.com/aeonapp/campaign/202512_newentry50_LP/007oomagari.html,https://www.aeon.com/aeonapp/campaign/202512_newentry50_LP/007oomagari.html,,https://iaeon.go.link/destination=qrscan_storecode?adj_t=1ghpmxty&adj_label=&store_code=https://iaeon.go.link/destination=qrscan_storecode?adj_t=1ghpmxty&adj_label=&store_code=00000M1564
00000M1568,宮城県,イオンモール石巻,ishinomaki,008,008ishinomaki.html,https://iaeon.go.link/destination=qrscan_storecode?adj_t=1ghpmxty&adj_label=&store_code=00000M1568,https://www.aeon.com/aeonapp/campaign/202512_newentry50_LP/008ishinomaki.html,https://www.aeon.com/aeonapp/campaign/202512_newentry50_LP/008ishinomaki.html,,https://iaeon.go.link/destination=qrscan_storecode?adj_t=1ghpmxty&adj_label=&store_code=https://iaeon.go.link/destination=qrscan_storecode?adj_t=1ghpmxty&adj_label=&store_code=00000M1568
00000M1569,宮城県,イオンモール富谷,tomiya,009,009tomiya.html,https://iaeon.go.link/destination=qrscan_storecode?adj_t=1ghpmxty&adj_label=&store_code=00000M1569,https://www.aeon.com/aeonapp/campaign/202512_newentry50_LP/009tomiya.html,https://www.aeon.com/aeonapp/campaign/202512_newentry50_LP/009tomiya.html,,https://iaeon.go.link/destination=qrscan_storecode?adj_t=1ghpmxty&adj_label=&store_code=https://iaeon.go.link/destination=qrscan_storecode?adj_t=1ghpmxty&adj_label=&store_code=00000M1569
00000M1021,宮城県,イオンモール名取,natori,010,010natori.html,https://iaeon.go.link/destination=qrscan_storecode?adj_t=1ghpmxty&adj_label=&store_code=00000M1021,https://www.aeon.com/aeonapp/campaign/202512_newentry50_LP/010natori.html,https://www.aeon.com/aeonapp/campaign/202512_newentry50_LP/010natori.html,,https://iaeon.go.link/destination=qrscan_storecode?adj_t=1ghpmxty&adj_label=&store_code=https://iaeon.go.link/destination=qrscan_storecode?adj_t=1ghpmxty&adj_label=&store_code=00000M1021
00000M1144,山形県,イオンモール天童,tendo,011,011tendo.html,https://iaeon.go.link/destination=qrscan_storecode?adj_t=1ghpmxty&adj_label=&store_code=00000M1144,https://www.aeon.com/aeonapp/campaign/202512_newentry50_LP/011tendo.html,https://www.aeon.com/aeonapp/campaign/202512_newentry50_LP/011tendo.html,,https://iaeon.go.link/destination=qrscan_storecode?adj_t=1ghpmxty&adj_label=&store_code=https://iaeon.go.link/destination=qrscan_storecode?adj_t=1ghpmxty&adj_label=&store_code=00000M1144
00000M1567,山形県,イオンモール三川,mikawa,012,012mikawa.html,https://iaeon.go.link/destination=qrscan_storecode?adj_t=1ghpmxty&adj_label=&store_code=00000M1567,https://www.aeon.com/aeonapp/campaign/202512_newentry50_LP/012mikawa.html,https://www.aeon.com/aeonapp/campaign/202512_newentry50_LP/012mikawa.html,,https://iaeon.go.link/destination=qrscan_storecode?adj_t=1ghpmxty&adj_label=&store_code=https://iaeon.go.link/destination=qrscan_storecode?adj_t=1ghpmxty&adj_label=&store_code=00000M1567
00000M1566,山形県,イオンモール山形南,yamagataminami,013,013yamagataminami.html,https://iaeon.go.link/destination=qrscan_storecode?adj_t=1ghpmxty&adj_label=&store_code=00000M1566,https://www.aeon.com/aeonapp/campaign/202512_newentry50_LP/013yamagataminami.html,https://www.aeon.com/aeonapp/campaign/202512_newentry50_LP/013yamagataminami.html,,https://iaeon.go.link/destination=qrscan_storecode?adj_t=1ghpmxty&adj_label=&store_code=https://iaeon.go.link/destination=qrscan_storecode?adj_t=1ghpmxty&adj_label=&store_code=00000M1566
00000M1529,茨城県,イオンモール下妻,shimoduma,014,014shimoduma.html,https://iaeon.go.link/destination=qrscan_storecode?adj_t=1ghpmxty&adj_label=&store_code=00000M1529,https://www.aeon.com/aeonapp/campaign/202512_newentry50_LP/014shimoduma.html,https://www.aeon.com/aeonapp/campaign/202512_newentry50_LP/014shimoduma.html,,https://iaeon.go.link/destination=qrscan_storecode?adj_t=1ghpmxty&adj_label=&store_code=https://iaeon.go.link/destination=qrscan_storecode?adj_t=1ghpmxty&adj_label=&store_code=00000M1529
00000M1140,茨城県,イオンモールつくば,tukuba,015,015tukuba.html,https://iaeon.go.link/destination=qrscan_storecode?adj_t=1ghpmxty&adj_label=&store_code=00000M1140,https://www.aeon.com/aeonapp/campaign/202512_newentry50_LP/015tukuba.html,https://www.aeon.com/aeonapp/campaign/202512_newentry50_LP/015tukuba.html,,https://iaeon.go.link/destination=qrscan_storecode?adj_t=1ghpmxty&adj_label=&store_code=https://iaeon.go.link/destination=qrscan_storecode?adj_t=1ghpmxty&adj_label=&store_code=00000M1140
00000M1572,茨城県,イオンモール土浦,tsuchiura,016,016tsuchiura.html,https://iaeon.go.link/destination=qrscan_storecode?adj_t=1ghpmxty&adj_label=&store_code=00000M1572,https://www.aeon.com/aeonapp/campaign/202512_newentry50_LP/016tsuchiura.html,https://www.aeon.com/aeonapp/campaign/202512_newentry50_LP/016tsuchiura.html,,https://iaeon.go.link/destination=qrscan_storecode?adj_t=1ghpmxty&adj_label=&store_code=https://iaeon.go.link/destination=qrscan_storecode?adj_t=1ghpmxty&adj_label=&store_code=00000M1572
00000M1122,茨城県,イオンモール水戸内原,mitouchihara,017,017mitouchihara.html,https://iaeon.go.link/destination=qrscan_storecode?adj_t=1ghpmxty&adj_label=&store_code=00000M1122,https://www.aeon.com/aeonapp/campaign/202512_newentry50_LP/017mitouchihara.html,https://www.aeon.com/aeonapp/campaign/202512_newentry50_LP/017mitouchihara.html,,https://iaeon.go.link/destination=qrscan_storecode?adj_t=1ghpmxty&adj_label=&store_code=https://iaeon.go.link/destination=qrscan_storecode?adj_t=1ghpmxty&adj_label=&store_code=00000M1122
00000M1528,栃木県,イオンモール小山,koyama,018,018koyama.html,https://iaeon.go.link/destination=qrscan_storecode?adj_t=1ghpmxty&adj_label=&store_code=00000M1528,https://www.aeon.com/aeonapp/campaign/202512_newentry50_LP/018koyama.html,https://www.aeon.com/aeonapp/campaign/202512_newentry50_LP/018koyama.html,,https://iaeon.go.link/destination=qrscan_storecode?adj_t=1ghpmxty&adj_label=&store_code=https://iaeon.go.link/destination=qrscan_storecode?adj_t=1ghpmxty&adj_label=&store_code=00000M1528
00000M1541,栃木県,イオンモール佐野新都市,sanosintoshi,019,019sanosintoshi.html,https://iaeon.go.link/destination=qrscan_storecode?adj_t=1ghpmxty&adj_label=&store_code=00000M1541,https://www.aeon.com/aeonapp/campaign/202512_newentry50_LP/019sanosintoshi.html,https://www.aeon.com/aeonapp/campaign/202512_newentry50_LP/019sanosintoshi.html,,https://iaeon.go.link/destination=qrscan_storecode?adj_t=1ghpmxty&adj_label=&store_code=https://iaeon.go.link/destination=qrscan_storecode?adj_t=1ghpmxty&adj_label=&store_code=00000M1541
00000M1540,埼玉県,イオンモール浦和美園,urawamisono,020,020urawamisono.html,https://iaeon.go.link/destination=qrscan_storecode?adj_t=1ghpmxty&adj_label=&store_code=00000M1540,https://www.aeon.com/aeonapp/campaign/202512_newentry50_LP/020urawamisono.html,https://www.aeon.com/aeonapp/campaign/202512_newentry50_LP/020urawamisono.html,,https://iaeon.go.link/destination=qrscan_storecode?adj_t=1ghpmxty&adj_label=&store_code=https://iaeon.go.link/destination=qrscan_storecode?adj_t=1ghpmxty&adj_label=&store_code=00000M1540
00000M1132,埼玉県,イオンモール春日部,kasukabe,021,021kasukabe.html,https://iaeon.go.link/destination=qrscan_storecode?adj_t=1ghpmxty&adj_label=&store_code=00000M1132,https://www.aeon.com/aeonapp/campaign/202512_newentry50_LP/021kasukabe.html,https://www.aeon.com/aeonapp/campaign/202512_newentry50_LP/021kasukabe.html,,https://iaeon.go.link/destination=qrscan_storecode?adj_t=1ghpmxty&adj_label=&store_code=https://iaeon.go.link/destination=qrscan_storecode?adj_t=1ghpmxty&adj_label=&store_code=00000M1132
00000M1577,埼玉県,イオンモール川口,kawaguchi,022,022kawaguchi.html,https://iaeon.go.link/destination=qrscan_storecode?adj_t=1ghpmxty&adj_label=&store_code=00000M1577,https://www.aeon.com/aeonapp/campaign/202512_newentry50_LP/022kawaguchi.html,https://www.aeon.com/aeonapp/campaign/202512_newentry50_LP/022kawaguchi.html,,https://iaeon.go.link/destination=qrscan_storecode?adj_t=1ghpmxty&adj_label=&store_code=https://iaeon.go.link/destination=qrscan_storecode?adj_t=1ghpmxty&adj_label=&store_code=00000M1577
00000M1010,埼玉県,イオンモール川口前川,kawaguchimaekawa,023,023kawaguchimaekawa.html,https://iaeon.go.link/destination=qrscan_storecode?adj_t=1ghpmxty&adj_label=&store_code=00000M1010,https://www.aeon.com/aeonapp/campaign/202512_newentry50_LP/023kawaguchimaekawa.html,https://www.aeon.com/aeonapp/campaign/202512_newentry50_LP/023kawaguchimaekawa.html,,https://iaeon.go.link/destination=qrscan_storecode?adj_t=1ghpmxty&adj_label=&store_code=https://iaeon.go.link/destination=qrscan_storecode?adj_t=1ghpmxty&adj_label=&store_code=00000M1010
00000M1538,埼玉県,イオンモール北戸田,kitatoda,024,024kitatoda.html,https://iaeon.go.link/destination=qrscan_storecode?adj_t=1ghpmxty&adj_label=&store_code=00000M1538,https://www.aeon.com/aeonapp/campaign/202512_newentry50_LP/024kitatoda.html,https://www.aeon.com/aeonapp/campaign/202512_newentry50_LP/024kitatoda.html,,https://iaeon.go.link/destination=qrscan_storecode?adj_t=1ghpmxty&adj_label=&store_code=https://iaeon.go.link/destination=qrscan_storecode?adj_t=1ghpmxty&adj_label=&store_code=00000M1538
00000M1126,埼玉県,イオンモール羽生,hanyu,025,025hanyu.html,https://iaeon.go.link/destination=qrscan_storecode?adj_t=1ghpmxty&adj_label=&store_code=00000M1126,https://www.aeon.com/aeonapp/campaign/202512_newentry50_LP/025hanyu.html,https://www.aeon.com/aeonapp/campaign/202512_newentry50_LP/025hanyu.html,,https://iaeon.go.link/destination=qrscan_storecode?adj_t=1ghpmxty&adj_label=&store_code=https://iaeon.go.link/destination=qrscan_storecode?adj_t=1ghpmxty&adj_label=&store_code=00000M1126
00000M1539,埼玉県,イオンモール与野,yono,026,026yono.html,https://iaeon.go.link/destination=qrscan_storecode?adj_t=1ghpmxty&adj_label=&store_code=00000M1539,https://www.aeon.com/aeonapp/campaign/202512_newentry50_LP/026yono.html,https://www.aeon.com/aeonapp/campaign/202512_newentry50_LP/026yono.html,,https://iaeon.go.link/destination=qrscan_storecode?adj_t=1ghpmxty&adj_label=&store_code=https://iaeon.go.link/destination=qrscan_storecode?adj_t=1ghpmxty&adj_label=&store_code=00000M1539
00000M1571,埼玉県,レイクタウンアウトレット,laketown-outlet,027,027laketown-outlet.html,https://iaeon.go.link/destination=qrscan_storecode?adj_t=1ghpmxty&adj_label=&store_code=00000M1571,https://www.aeon.com/aeonapp/campaign/202512_newentry50_LP/027laketown-outlet.html,https://www.aeon.com/aeonapp/campaign/202512_newentry50_LP/027laketown-outlet.html,,https://iaeon.go.link/destination=qrscan_storecode?adj_t=1ghpmxty&adj_label=&store_code=https://iaeon.go.link/destination=qrscan_storecode?adj_t=1ghpmxty&adj_label=&store_code=00000M1571
0000041801,埼玉県,イオンレイクタウンmori,laketown-mori,028,028laketown-mori.html,https://iaeon.go.link/destination=qrscan_storecode?adj_t=1ghpmxty&adj_label=&store_code=0000041801,https://www.aeon.com/aeonapp/campaign/202512_newentry50_LP/028laketown-mori.html,https://www.aeon.com/aeonapp/campaign/202512_newentry50_LP/028laketown-mori.html,,https://iaeon.go.link/destination=qrscan_storecode?adj_t=1ghpmxty&adj_label=&store_code=https://iaeon.go.link/destination=qrscan_storecode?adj_t=1ghpmxty&adj_label=&store_code=0000041801
00000M1557,埼玉県,イオンレイクタウンkaze,laketown-kaze,029,029laketown-kaze.html,https://iaeon.go.link/destination=qrscan_storecode?adj_t=1ghpmxty&adj_label=&store_code=00000M1557,https://www.aeon.com/aeonapp/campaign/202512_newentry50_LP/029laketown-kaze.html,https://www.aeon.com/aeonapp/campaign/202512_newentry50_LP/029laketown-kaze.html,,https://iaeon.go.link/destination=qrscan_storecode?adj_t=1ghpmxty&adj_label=&store_code=https://iaeon.go.link/destination=qrscan_storecode?adj_t=1ghpmxty&adj_label=&store_code=00000M1557
00000M1117,群馬県,イオンモール太田,ota,030,030ota.html,https://iaeon.go.link/destination=qrscan_storecode?adj_t=1ghpmxty&adj_label=&store_code=00000M1117,https://www.aeon.com/aeonapp/campaign/202512_newentry50_LP/030ota.html,https://www.aeon.com/aeonapp/campaign/202512_newentry50_LP/030ota.html,,https://iaeon.go.link/destination=qrscan_storecode?adj_t=1ghpmxty&adj_label=&store_code=https://iaeon.go.link/destination=qrscan_storecode?adj_t=1ghpmxty&adj_label=&store_code=00000M1117
00000M1124,群馬県,イオンモール高崎,takasaki,031,031takasaki.html,https://iaeon.go.link/destination=qrscan_storecode?adj_t=1ghpmxty&adj_label=&store_code=00000M1124,https://www.aeon.com/aeonapp/campaign/202512_newentry50_LP/031takasaki.html,https://www.aeon.com/aeonapp/campaign/202512_newentry50_LP/031takasaki.html,,https://iaeon.go.link/destination=qrscan_storecode?adj_t=1ghpmxty&adj_label=&store_code=https://iaeon.go.link/destination=qrscan_storecode?adj_t=1ghpmxty&adj_label=&store_code=00000M1124
00000M1521,千葉県,イオンモール柏,kashiwa,032,032kashiwa.html,https://iaeon.go.link/destination=qrscan_storecode?adj_t=1ghpmxty&adj_label=&store_code=00000M1521,https://www.aeon.com/aeonapp/campaign/202512_newentry50_LP/032kashiwa.html,https://www.aeon.com/aeonapp/campaign/202512_newentry50_LP/032kashiwa.html,,https://iaeon.go.link/destination=qrscan_storecode?adj_t=1ghpmxty&adj_label=&store_code=https://iaeon.go.link/destination=qrscan_storecode?adj_t=1ghpmxty&adj_label=&store_code=00000M1521
00000M1147,千葉県,イオンモール木更津,kisarazu,033,033kisarazu.html,https://iaeon.go.link/destination=qrscan_storecode?adj_t=1ghpmxty&adj_label=&store_code=00000M1147,https://www.aeon.com/aeonapp/campaign/202512_newentry50_LP/033kisarazu.html,https://www.aeon.com/aeonapp/campaign/202512_newentry50_LP/033kisarazu.html,,https://iaeon.go.link/destination=qrscan_storecode?adj_t=1ghpmxty&adj_label=&store_code=https://iaeon.go.link/destination=qrscan_storecode?adj_t=1ghpmxty&adj_label=&store_code=00000M1147
00000M1123,千葉県,イオンモール千葉ニュータウン,chibanewtown,034,034chibanewtown.html,https://iaeon.go.link/destination=qrscan_storecode?adj_t=1ghpmxty&adj_label=&store_code=00000M1123,https://www.aeon.com/aeonapp/campaign/202512_newentry50_LP/034chibanewtown.html,https://www.aeon.com/aeonapp/campaign/202512_newentry50_LP/034chibanewtown.html,,https://iaeon.go.link/destination=qrscan_storecode?adj_t=1ghpmxty&adj_label=&store_code=https://iaeon.go.link/destination=qrscan_storecode?adj_t=1ghpmxty&adj_label=&store_code=00000M1123
00000M1519,千葉県,イオンモール銚子,choshi,035,035choshi.html,https://iaeon.go.link/destination=qrscan_storecode?adj_t=1ghpmxty&adj_label=&store_code=00000M1519,https://www.aeon.com/aeonapp/campaign/202512_newentry50_LP/035choshi.html,https://www.aeon.com/aeonapp/campaign/202512_newentry50_LP/035choshi.html,,https://iaeon.go.link/destination=qrscan_storecode?adj_t=1ghpmxty&adj_label=&store_code=https://iaeon.go.link/destination=qrscan_storecode?adj_t=1ghpmxty&adj_label=&store_code=00000M1519
00000M1524,千葉県,イオンモール津田沼,tudanuma,036,036tudanuma.html,https://iaeon.go.link/destination=qrscan_storecode?adj_t=1ghpmxty&adj_label=&store_code=00000M1524,https://www.aeon.com/aeonapp/campaign/202512_newentry50_LP/036tudanuma.html,https://www.aeon.com/aeonapp/campaign/202512_newentry50_LP/036tudanuma.html,,https://iaeon.go.link/destination=qrscan_storecode?adj_t=1ghpmxty&adj_label=&store_code=https://iaeon.go.link/destination=qrscan_storecode?adj_t=1ghpmxty&adj_label=&store_code=00000M1524
00000M1109,千葉県,イオンモール成田,narita,037,037narita.html,https://iaeon.go.link/destination=qrscan_storecode?adj_t=1ghpmxty&adj_label=&store_code=00000M1109,https://www.aeon.com/aeonapp/campaign/202512_newentry50_LP/037narita.html,https://www.aeon.com/aeonapp/campaign/202512_newentry50_LP/037narita.html,,https://iaeon.go.link/destination=qrscan_storecode?adj_t=1ghpmxty&adj_label=&store_code=https://iaeon.go.link/destination=qrscan_storecode?adj_t=1ghpmxty&adj_label=&store_code=00000M1109
00000M1103,千葉県,イオンモール富津,futtu,038,038futtu.html,https://iaeon.go.link/destination=qrscan_storecode?adj_t=1ghpmxty&adj_label=&store_code=00000M1103,https://www.aeon.com/aeonapp/campaign/202512_newentry50_LP/038futtu.html,https://www.aeon.com/aeonapp/campaign/202512_newentry50_LP/038futtu.html,,https://iaeon.go.link/destination=qrscan_storecode?adj_t=1ghpmxty&adj_label=&store_code=https://iaeon.go.link/destination=qrscan_storecode?adj_t=1ghpmxty&adj_label=&store_code=00000M1103
00000M1530,千葉県,イオンモール船橋,funabashi,039,039funabashi.html,https://iaeon.go.link/destination=qrscan_storecode?adj_t=1ghpmxty&adj_label=&store_code=00000M1530,https://www.aeon.com/aeonapp/campaign/202512_newentry50_LP/039funabashi.html,https://www.aeon.com/aeonapp/campaign/202512_newentry50_LP/039funabashi.html,,https://iaeon.go.link/destination=qrscan_storecode?adj_t=1ghpmxty&adj_label=&store_code=https://iaeon.go.link/destination=qrscan_storecode?adj_t=1ghpmxty&adj_label=&store_code=00000M1530
00000M1190,千葉県,イオンモール幕張新都心,makuharishintoshin,040,040makuharishintoshin.html,https://iaeon.go.link/destination=qrscan_storecode?adj_t=1ghpmxty&adj_label=&store_code=00000M1190,https://www.aeon.com/aeonapp/campaign/202512_newentry50_LP/040makuharishintoshin.html,https://www.aeon.com/aeonapp/campaign/202512_newentry50_LP/040makuharishintoshin.html,,https://iaeon.go.link/destination=qrscan_storecode?adj_t=1ghpmxty&adj_label=&store_code=https://iaeon.go.link/destination=qrscan_storecode?adj_t=1ghpmxty&adj_label=&store_code=00000M1190
00000M1522,千葉県,イオンモール八千代緑が丘,yachiyomidorigaoka,041,041yachiyomidorigaoka.html,https://iaeon.go.link/destination=qrscan_storecode?adj_t=1ghpmxty&adj_label=&store_code=00000M1522,https://www.aeon.com/aeonapp/campaign/202512_newentry50_LP/041yachiyomidorigaoka.html,https://www.aeon.com/aeonapp/campaign/202512_newentry50_LP/041yachiyomidorigaoka.html,,https://iaeon.go.link/destination=qrscan_storecode?adj_t=1ghpmxty&adj_label=&store_code=https://iaeon.go.link/destination=qrscan_storecode?adj_t=1ghpmxty&adj_label=&store_code=00000M1522
00000M1150,東京都,イオンモール多摩平の森,tamatairanomori,042,042tamatairanomori.html,https://iaeon.go.link/destination=qrscan_storecode?adj_t=1ghpmxty&adj_label=&store_code=00000M1150,https://www.aeon.com/aeonapp/campaign/202512_newentry50_LP/042tamatairanomori.html,https://www.aeon.com/aeonapp/campaign/202512_newentry50_LP/042tamatairanomori.html,,https://iaeon.go.link/destination=qrscan_storecode?adj_t=1ghpmxty&adj_label=&store_code=https://iaeon.go.link/destination=qrscan_storecode?adj_t=1ghpmxty&adj_label=&store_code=00000M1150
00000M1518,東京都,イオンモール東久留米,higashikurume,043,043higashikurume.html,https://iaeon.go.link/destination=qrscan_storecode?adj_t=1ghpmxty&adj_label=&store_code=00000M1518,https://www.aeon.com/aeonapp/campaign/202512_newentry50_LP/043higashikurume.html,https://www.aeon.com/aeonapp/campaign/202512_newentry50_LP/043higashikurume.html,,https://iaeon.go.link/destination=qrscan_storecode?adj_t=1ghpmxty&adj_label=&store_code=https://iaeon.go.link/destination=qrscan_storecode?adj_t=1ghpmxty&adj_label=&store_code=00000M1518
00000M1127,東京都,イオンモール日の出,hinode,044,044hinode.html,https://iaeon.go.link/destination=qrscan_storecode?adj_t=1ghpmxty&adj_label=&store_code=00000M1127,https://www.aeon.com/aeonapp/campaign/202512_newentry50_LP/044hinode.html,https://www.aeon.com/aeonapp/campaign/202512_newentry50_LP/044hinode.html,,https://iaeon.go.link/destination=qrscan_storecode?adj_t=1ghpmxty&adj_label=&store_code=https://iaeon.go.link/destination=qrscan_storecode?adj_t=1ghpmxty&adj_label=&store_code=00000M1127
00000M1552,東京都,イオンモールむさし村山,musashimurayama,045,045musashimurayama.html,https://iaeon.go.link/destination=qrscan_storecode?adj_t=1ghpmxty&adj_label=&store_code=00000M1552,https://www.aeon.com/aeonapp/campaign/202512_newentry50_LP/045musashimurayama.html,https://www.aeon.com/aeonapp/campaign/202512_newentry50_LP/045musashimurayama.html,,https://iaeon.go.link/destination=qrscan_storecode?adj_t=1ghpmxty&adj_label=&store_code=https://iaeon.go.link/destination=qrscan_storecode?adj_t=1ghpmxty&adj_label=&store_code=00000M1552
00000M1114,神奈川県,イオンモール大和,yamato,046,046yamato.html,https://iaeon.go.link/destination=qrscan_storecode?adj_t=1ghpmxty&adj_label=&store_code=00000M1114,https://www.aeon.com/aeonapp/campaign/202512_newentry50_LP/046yamato.html,https://www.aeon.com/aeonapp/campaign/202512_newentry50_LP/046yamato.html,,https://iaeon.go.link/destination=qrscan_storecode?adj_t=1ghpmxty&adj_label=&store_code=https://iaeon.go.link/destination=qrscan_storecode?adj_t=1ghpmxty&adj_label=&store_code=00000M1114
00000M1559,山梨県,イオンモール甲府昭和,kofusyowa,047,047kofusyowa.html,https://iaeon.go.link/destination=qrscan_storecode?adj_t=1ghpmxty&adj_label=&store_code=00000M1559,https://www.aeon.com/aeonapp/campaign/202512_newentry50_LP/047kofusyowa.html,https://www.aeon.com/aeonapp/campaign/202512_newentry50_LP/047kofusyowa.html,,https://iaeon.go.link/destination=qrscan_storecode?adj_t=1ghpmxty&adj_label=&store_code=https://iaeon.go.link/destination=qrscan_storecode?adj_t=1ghpmxty&adj_label=&store_code=00000M1559
00000M1523,新潟県,イオンモール新発田,shibata,048,048shibata.html,https://iaeon.go.link/destination=qrscan_storecode?adj_t=1ghpmxty&adj_label=&store_code=00000M1523,https://www.aeon.com/aeonapp/campaign/202512_newentry50_LP/048shibata.html,https://www.aeon.com/aeonapp/campaign/202512_newentry50_LP/048shibata.html,,https://iaeon.go.link/destination=qrscan_storecode?adj_t=1ghpmxty&adj_label=&store_code=https://iaeon.go.link/destination=qrscan_storecode?adj_t=1ghpmxty&adj_label=&store_code=00000M1523
00000M1520,新潟県,イオンモール新潟亀田インター,niigatakameda-inter,049,049niigatakameda-inter.html,https://iaeon.go.link/destination=qrscan_storecode?adj_t=1ghpmxty&adj_label=&store_code=00000M1520,https://www.aeon.com/aeonapp/campaign/202512_newentry50_LP/049niigatakameda-inter.html,https://www.aeon.com/aeonapp/campaign/202512_newentry50_LP/049niigatakameda-inter.html,,https://iaeon.go.link/destination=qrscan_storecode?adj_t=1ghpmxty&adj_label=&store_code=https://iaeon.go.link/destination=qrscan_storecode?adj_t=1ghpmxty&adj_label=&store_code=00000M1520
00000M1115,富山県,イオンモール高岡,takaoka,050,050takaoka.html,https://iaeon.go.link/destination=qrscan_storecode?adj_t=1ghpmxty&adj_label=&store_code=00000M1115,https://www.aeon.com/aeonapp/campaign/202512_newentry50_LP/050takaoka.html,https://www.aeon.com/aeonapp/campaign/202512_newentry50_LP/050takaoka.html,,https://iaeon.go.link/destination=qrscan_storecode?adj_t=1ghpmxty&adj_label=&store_code=https://iaeon.go.link/destination=qrscan_storecode?adj_t=1ghpmxty&adj_label=&store_code=00000M1115
00000M1544,富山県,イオンモールとなみ,tonami,051,051tonami.html,https://iaeon.go.link/destination=qrscan_storecode?adj_t=1ghpmxty&adj_label=&store_code=00000M1544,https://www.aeon.com/aeonapp/campaign/202512_newentry50_LP/051tonami.html,https://www.aeon.com/aeonapp/campaign/202512_newentry50_LP/051tonami.html,,https://iaeon.go.link/destination=qrscan_storecode?adj_t=1ghpmxty&adj_label=&store_code=https://iaeon.go.link/destination=qrscan_storecode?adj_t=1ghpmxty&adj_label=&store_code=00000M1544
00000M1534,石川県,イオンモールかほく,kahoku,052,052kahoku.html,https://iaeon.go.link/destination=qrscan_storecode?adj_t=1ghpmxty&adj_label=&store_code=00000M1534,https://www.aeon.com/aeonapp/campaign/202512_newentry50_LP/052kahoku.html,https://www.aeon.com/aeonapp/campaign/202512_newentry50_LP/052kahoku.html,,https://iaeon.go.link/destination=qrscan_storecode?adj_t=1ghpmxty&adj_label=&store_code=https://iaeon.go.link/destination=qrscan_storecode?adj_t=1ghpmxty&adj_label=&store_code=00000M1534
00000M1158,石川県,イオンモール新小松,sinkomatsu,053,053sinkomatsu.html,https://iaeon.go.link/destination=qrscan_storecode?adj_t=1ghpmxty&adj_label=&store_code=00000M1158,https://www.aeon.com/aeonapp/campaign/202512_newentry50_LP/053sinkomatsu.html,https://www.aeon.com/aeonapp/campaign/202512_newentry50_LP/053sinkomatsu.html,,https://iaeon.go.link/destination=qrscan_storecode?adj_t=1ghpmxty&adj_label=&store_code=https://iaeon.go.link/destination=qrscan_storecode?adj_t=1ghpmxty&adj_label=&store_code=00000M1158
00000M1537,長野県,イオンモール佐久平,sakudaira,054,054sakudaira.html,https://iaeon.go.link/destination=qrscan_storecode?adj_t=1ghpmxty&adj_label=&store_code=00000M1537,https://www.aeon.com/aeonapp/campaign/202512_newentry50_LP/054sakudaira.html,https://www.aeon.com/aeonapp/campaign/202512_newentry50_LP/054sakudaira.html,,https://iaeon.go.link/destination=qrscan_storecode?adj_t=1ghpmxty&adj_label=&store_code=https://iaeon.go.link/destination=qrscan_storecode?adj_t=1ghpmxty&adj_label=&store_code=00000M1537
00000M1161,長野県,イオンモール松本,matsumoto,055,055matsumoto.html,https://iaeon.go.link/destination=qrscan_storecode?adj_t=1ghpmxty&adj_label=&store_code=00000M1161,https://www.aeon.com/aeonapp/campaign/202512_newentry50_LP/055matsumoto.html,https://www.aeon.com/aeonapp/campaign/202512_newentry50_LP/055matsumoto.html,,https://iaeon.go.link/destination=qrscan_storecode?adj_t=1ghpmxty&adj_label=&store_code=https://iaeon.go.link/destination=qrscan_storecode?adj_t=1ghpmxty&adj_label=&store_code=00000M1161
00000M1506,岐阜県,イオンモール大垣,ogaki,056,056ogaki.html,https://iaeon.go.link/destination=qrscan_storecode?adj_t=1ghpmxty&adj_label=&store_code=00000M1506,https://www.aeon.com/aeonapp/campaign/202512_newentry50_LP/056ogaki.html,https://www.aeon.com/aeonapp/campaign/202512_newentry50_LP/056ogaki.html,,https://iaeon.go.link/destination=qrscan_storecode?adj_t=1ghpmxty&adj_label=&store_code=https://iaeon.go.link/destination=qrscan_storecode?adj_t=1ghpmxty&adj_label=&store_code=00000M1506
00000M1504,岐阜県,イオンモール各務原インター,kakumigahara,057,057kakumigahara.html,https://iaeon.go.link/destination=qrscan_storecode?adj_t=1ghpmxty&adj_label=&store_code=00000M1504,https://www.aeon.com/aeonapp/campaign/202512_newentry50_LP/057kakumigahara.html,https://www.aeon.com/aeonapp/campaign/202512_newentry50_LP/057kakumigahara.html,,https://iaeon.go.link/destination=qrscan_storecode?adj_t=1ghpmxty&adj_label=&store_code=https://iaeon.go.link/destination=qrscan_storecode?adj_t=1ghpmxty&adj_label=&store_code=00000M1504
00000M1502,静岡県,イオンモール浜松市野,hamamatsuichino,058,058hamamatsuichino.html,https://iaeon.go.link/destination=qrscan_storecode?adj_t=1ghpmxty&adj_label=&store_code=00000M1502,https://www.aeon.com/aeonapp/campaign/202512_newentry50_LP/058hamamatsuichino.html,https://www.aeon.com/aeonapp/campaign/202512_newentry50_LP/058hamamatsuichino.html,,https://iaeon.go.link/destination=qrscan_storecode?adj_t=1ghpmxty&adj_label=&store_code=https://iaeon.go.link/destination=qrscan_storecode?adj_t=1ghpmxty&adj_label=&store_code=00000M1502
00000M1118,静岡県,イオンモール浜松志都呂,hamamatsushitoro,059,059hamamatsushitoro.html,https://iaeon.go.link/destination=qrscan_storecode?adj_t=1ghpmxty&adj_label=&store_code=00000M1118,https://www.aeon.com/aeonapp/campaign/202512_newentry50_LP/059hamamatsushitoro.html,https://www.aeon.com/aeonapp/campaign/202512_newentry50_LP/059hamamatsushitoro.html,,https://iaeon.go.link/destination=qrscan_storecode?adj_t=1ghpmxty&adj_label=&store_code=https://iaeon.go.link/destination=qrscan_storecode?adj_t=1ghpmxty&adj_label=&store_code=00000M1118
00000M1532,静岡県,イオンモール富士宮,fujinomiya,060,060fujinomiya.html,https://iaeon.go.link/destination=qrscan_storecode?adj_t=1ghpmxty&adj_label=&store_code=00000M1532,https://www.aeon.com/aeonapp/campaign/202512_newentry50_LP/060fujinomiya.html,https://www.aeon.com/aeonapp/campaign/202512_newentry50_LP/060fujinomiya.html,,https://iaeon.go.link/destination=qrscan_storecode?adj_t=1ghpmxty&adj_label=&store_code=https://iaeon.go.link/destination=qrscan_storecode?adj_t=1ghpmxty&adj_label=&store_code=00000M1532
00000M1503,愛知県,イオンモール熱田,atsuta,061,061atsuta.html,https://iaeon.go.link/destination=qrscan_storecode?adj_t=1ghpmxty&adj_label=&store_code=00000M1503,https://www.aeon.com/aeonapp/campaign/202512_newentry50_LP/061atsuta.html,https://www.aeon.com/aeonapp/campaign/202512_newentry50_LP/061atsuta.html,,https://iaeon.go.link/destination=qrscan_storecode?adj_t=1ghpmxty&adj_label=&store_code=https://iaeon.go.link/destination=qrscan_storecode?adj_t=1ghpmxty&adj_label=&store_code=00000M1503
00000M1135,愛知県,イオンモール新瑞橋,aratamabashi,062,062aratamabashi.html,https://iaeon.go.link/destination=qrscan_storecode?adj_t=1ghpmxty&adj_label=&store_code=00000M1135,https://www.aeon.com/aeonapp/campaign/202512_newentry50_LP/062aratamabashi.html,https://www.aeon.com/aeonapp/campaign/202512_newentry50_LP/062aratamabashi.html,,https://iaeon.go.link/destination=qrscan_storecode?adj_t=1ghpmxty&adj_label=&store_code=https://iaeon.go.link/destination=qrscan_storecode?adj_t=1ghpmxty&adj_label=&store_code=00000M1135
00000M1500,愛知県,イオンモール大高,otaka,063,063otaka.html,https://iaeon.go.link/destination=qrscan_storecode?adj_t=1ghpmxty&adj_label=&store_code=00000M1500,https://www.aeon.com/aeonapp/campaign/202512_newentry50_LP/063otaka.html,https://www.aeon.com/aeonapp/campaign/202512_newentry50_LP/063otaka.html,,https://iaeon.go.link/destination=qrscan_storecode?adj_t=1ghpmxty&adj_label=&store_code=https://iaeon.go.link/destination=qrscan_storecode?adj_t=1ghpmxty&adj_label=&store_code=00000M1500
00000M1110,愛知県,イオンモール岡崎,okazaki,064,064okazaki.html,https://iaeon.go.link/destination=qrscan_storecode?adj_t=1ghpmxty&adj_label=&store_code=00000M1110,https://www.aeon.com/aeonapp/campaign/202512_newentry50_LP/064okazaki.html,https://www.aeon.com/aeonapp/campaign/202512_newentry50_LP/064okazaki.html,,https://iaeon.go.link/destination=qrscan_storecode?adj_t=1ghpmxty&adj_label=&store_code=https://iaeon.go.link/destination=qrscan_storecode?adj_t=1ghpmxty&adj_label=&store_code=00000M1110
00000M1548,愛知県,イオンモール木曽川,kisogawa,065,065kisogawa.html,https://iaeon.go.link/destination=qrscan_storecode?adj_t=1ghpmxty&adj_label=&store_code=00000M1548,https://www.aeon.com/aeonapp/campaign/202512_newentry50_LP/065kisogawa.html,https://www.aeon.com/aeonapp/campaign/202512_newentry50_LP/065kisogawa.html,,https://iaeon.go.link/destination=qrscan_storecode?adj_t=1ghpmxty&adj_label=&store_code=https://iaeon.go.link/destination=qrscan_storecode?adj_t=1ghpmxty&adj_label=&store_code=00000M1548
00000M1153,愛知県,イオンモール常滑,tokoname,066,066tokoname.html,https://iaeon.go.link/destination=qrscan_storecode?adj_t=1ghpmxty&adj_label=&store_code=00000M1153,https://www.aeon.com/aeonapp/campaign/202512_newentry50_LP/066tokoname.html,https://www.aeon.com/aeonapp/campaign/202512_newentry50_LP/066tokoname.html,,https://iaeon.go.link/destination=qrscan_storecode?adj_t=1ghpmxty&adj_label=&store_code=https://iaeon.go.link/destination=qrscan_storecode?adj_t=1ghpmxty&adj_label=&store_code=00000M1153
00000M1157,愛知県,イオンモール長久手,nagakute,067,067nagakute.html,https://iaeon.go.link/destination=qrscan_storecode?adj_t=1ghpmxty&adj_label=&store_code=00000M1157,https://www.aeon.com/aeonapp/campaign/202512_newentry50_LP/067nagakute.html,https://www.aeon.com/aeonapp/campaign/202512_newentry50_LP/067nagakute.html,,https://iaeon.go.link/destination=qrscan_storecode?adj_t=1ghpmxty&adj_label=&store_code=https://iaeon.go.link/destination=qrscan_storecode?adj_t=1ghpmxty&adj_label=&store_code=00000M1157
00000M1145,愛知県,イオンモール名古屋茶屋,nagoyatyaya,068,068nagoyatyaya.html,https://iaeon.go.link/destination=qrscan_storecode?adj_t=1ghpmxty&adj_label=&store_code=00000M1145,https://www.aeon.com/aeonapp/campaign/202512_newentry50_LP/068nagoyatyaya.html,https://www.aeon.com/aeonapp/campaign/202512_newentry50_LP/068nagoyatyaya.html,,https://iaeon.go.link/destination=qrscan_storecode?adj_t=1ghpmxty&adj_label=&store_code=https://iaeon.go.link/destination=qrscan_storecode?adj_t=1ghpmxty&adj_label=&store_code=00000M1145
00000M1507,愛知県,イオンモールナゴヤドーム前,nagoyadomemae,069,069nagoyadomemae.html,https://iaeon.go.link/destination=qrscan_storecode?adj_t=1ghpmxty&adj_label=&store_code=00000M1507,https://www.aeon.com/aeonapp/campaign/202512_newentry50_LP/069nagoyadomemae.html,https://www.aeon.com/aeonapp/campaign/202512_newentry50_LP/069nagoyadomemae.html,,https://iaeon.go.link/destination=qrscan_storecode?adj_t=1ghpmxty&adj_label=&store_code=https://iaeon.go.link/destination=qrscan_storecode?adj_t=1ghpmxty&adj_label=&store_code=00000M1507
00000M1113,愛知県,イオンモール東浦,higashiura,070,070higashiura.html,https://iaeon.go.link/destination=qrscan_storecode?adj_t=1ghpmxty&adj_label=&store_code=00000M1113,https://www.aeon.com/aeonapp/campaign/202512_newentry50_LP/070higashiura.html,https://www.aeon.com/aeonapp/campaign/202512_newentry50_LP/070higashiura.html,,https://iaeon.go.link/destination=qrscan_storecode?adj_t=1ghpmxty&adj_label=&store_code=https://iaeon.go.link/destination=qrscan_storecode?adj_t=1ghpmxty&adj_label=&store_code=00000M1113
00000M1505,愛知県,イオンモール扶桑,fuso,071,071fuso.html,https://iaeon.go.link/destination=qrscan_storecode?adj_t=1ghpmxty&adj_label=&store_code=00000M1505,https://www.aeon.com/aeonapp/campaign/202512_newentry50_LP/071fuso.html,https://www.aeon.com/aeonapp/campaign/202512_newentry50_LP/071fuso.html,,https://iaeon.go.link/destination=qrscan_storecode?adj_t=1ghpmxty&adj_label=&store_code=https://iaeon.go.link/destination=qrscan_storecode?adj_t=1ghpmxty&adj_label=&store_code=00000M1505
00000M1527,三重県,イオンモール桑名,kuwana,072,072kuwana.html,https://iaeon.go.link/destination=qrscan_storecode?adj_t=1ghpmxty&adj_label=&store_code=00000M1527,https://www.aeon.com/aeonapp/campaign/202512_newentry50_LP/072kuwana.html,https://www.aeon.com/aeonapp/campaign/202512_newentry50_LP/072kuwana.html,,https://iaeon.go.link/destination=qrscan_storecode?adj_t=1ghpmxty&adj_label=&store_code=https://iaeon.go.link/destination=qrscan_storecode?adj_t=1ghpmxty&adj_label=&store_code=00000M1527
00000M1105,三重県,イオンモール鈴鹿,suzuka,073,073suzuka.html,https://iaeon.go.link/destination=qrscan_storecode?adj_t=1ghpmxty&adj_label=&store_code=00000M1105,https://www.aeon.com/aeonapp/campaign/202512_newentry50_LP/073suzuka.html,https://www.aeon.com/aeonapp/campaign/202512_newentry50_LP/073suzuka.html,,https://iaeon.go.link/destination=qrscan_storecode?adj_t=1ghpmxty&adj_label=&store_code=https://iaeon.go.link/destination=qrscan_storecode?adj_t=1ghpmxty&adj_label=&store_code=00000M1105
00000M1141,三重県,イオンモール東員,toin,074,074toin.html,https://iaeon.go.link/destination=qrscan_storecode?adj_t=1ghpmxty&adj_label=&store_code=00000M1141,https://www.aeon.com/aeonapp/campaign/202512_newentry50_LP/074toin.html,https://www.aeon.com/aeonapp/campaign/202512_newentry50_LP/074toin.html,,https://iaeon.go.link/destination=qrscan_storecode?adj_t=1ghpmxty&adj_label=&store_code=https://iaeon.go.link/destination=qrscan_storecode?adj_t=1ghpmxty&adj_label=&store_code=00000M1141
00000M1501,三重県,イオンモール明和,meiwa,075,075meiwa.html,https://iaeon.go.link/destination=qrscan_storecode?adj_t=1ghpmxty&adj_label=&store_code=00000M1501,https://www.aeon.com/aeonapp/campaign/202512_newentry50_LP/075meiwa.html,https://www.aeon.com/aeonapp/campaign/202512_newentry50_LP/075meiwa.html,,https://iaeon.go.link/destination=qrscan_storecode?adj_t=1ghpmxty&adj_label=&store_code=https://iaeon.go.link/destination=qrscan_storecode?adj_t=1ghpmxty&adj_label=&store_code=00000M1501
00000M1531,三重県,イオンモール四日市北,yokkaichikita,076,076yokkaichikita.html,https://iaeon.go.link/destination=qrscan_storecode?adj_t=1ghpmxty&adj_label=&store_code=00000M1531,https://www.aeon.com/aeonapp/campaign/202512_newentry50_LP/076yokkaichikita.html,https://www.aeon.com/aeonapp/campaign/202512_newentry50_LP/076yokkaichikita.html,,https://iaeon.go.link/destination=qrscan_storecode?adj_t=1ghpmxty&adj_label=&store_code=https://iaeon.go.link/destination=qrscan_storecode?adj_t=1ghpmxty&adj_label=&store_code=00000M1531
00000M1130,滋賀県,イオンモール草津,kusatsu,077,077kusatsu.html,https://iaeon.go.link/destination=qrscan_storecode?adj_t=1ghpmxty&adj_label=&store_code=00000M1130,https://www.aeon.com/aeonapp/campaign/202512_newentry50_LP/077kusatsu.html,https://www.aeon.com/aeonapp/campaign/202512_newentry50_LP/077kusatsu.html,,https://iaeon.go.link/destination=qrscan_storecode?adj_t=1ghpmxty&adj_label=&store_code=https://iaeon.go.link/destination=qrscan_storecode?adj_t=1ghpmxty&adj_label=&store_code=00000M1130
00000M1148,京都府,イオンモール京都桂川,kyotokakegawa,078,078kyotokakegawa.html,https://iaeon.go.link/destination=qrscan_storecode?adj_t=1ghpmxty&adj_label=&store_code=00000M1148,https://www.aeon.com/aeonapp/campaign/202512_newentry50_LP/078kyotokakegawa.html,https://www.aeon.com/aeonapp/campaign/202512_newentry50_LP/078kyotokakegawa.html,,https://iaeon.go.link/destination=qrscan_storecode?adj_t=1ghpmxty&adj_label=&store_code=https://iaeon.go.link/destination=qrscan_storecode?adj_t=1ghpmxty&adj_label=&store_code=00000M1148
00000M1547,京都府,イオンモール京都五条,kyotogojyo,079,079kyotogojyo.html,https://iaeon.go.link/destination=qrscan_storecode?adj_t=1ghpmxty&adj_label=&store_code=00000M1547,https://www.aeon.com/aeonapp/campaign/202512_newentry50_LP/079kyotogojyo.html,https://www.aeon.com/aeonapp/campaign/202512_newentry50_LP/079kyotogojyo.html,,https://iaeon.go.link/destination=qrscan_storecode?adj_t=1ghpmxty&adj_label=&store_code=https://iaeon.go.link/destination=qrscan_storecode?adj_t=1ghpmxty&adj_label=&store_code=00000M1547
00000M1510,京都府,イオンモール久御山,kumiyama,080,080kumiyama.html,https://iaeon.go.link/destination=qrscan_storecode?adj_t=1ghpmxty&adj_label=&store_code=00000M1510,https://www.aeon.com/aeonapp/campaign/202512_newentry50_LP/080kumiyama.html,https://www.aeon.com/aeonapp/campaign/202512_newentry50_LP/080kumiyama.html,,https://iaeon.go.link/destination=qrscan_storecode?adj_t=1ghpmxty&adj_label=&store_code=https://iaeon.go.link/destination=qrscan_storecode?adj_t=1ghpmxty&adj_label=&store_code=00000M1510
00000M1525,京都府,イオンモール高の原,takanohara,081,081takanohara.html,https://iaeon.go.link/destination=qrscan_storecode?adj_t=1ghpmxty&adj_label=&store_code=00000M1525,https://www.aeon.com/aeonapp/campaign/202512_newentry50_LP/081takanohara.html,https://www.aeon.com/aeonapp/campaign/202512_newentry50_LP/081takanohara.html,,https://iaeon.go.link/destination=qrscan_storecode?adj_t=1ghpmxty&adj_label=&store_code=https://iaeon.go.link/destination=qrscan_storecode?adj_t=1ghpmxty&adj_label=&store_code=00000M1525
00000M1142,京都府,イオンモールKYOTO,kyoto,082,082kyoto.html,https://iaeon.go.link/destination=qrscan_storecode?adj_t=1ghpmxty&adj_label=&store_code=00000M1142,https://www.aeon.com/aeonapp/campaign/202512_newentry50_LP/082kyoto.html,https://www.aeon.com/aeonapp/campaign/202512_newentry50_LP/082kyoto.html,,https://iaeon.go.link/destination=qrscan_storecode?adj_t=1ghpmxty&adj_label=&store_code=https://iaeon.go.link/destination=qrscan_storecode?adj_t=1ghpmxty&adj_label=&store_code=00000M1142
0000068021,京都府,イオンモール北大路,kitaoji,083,083kitaoji.html,https://iaeon.go.link/destination=qrscan_storecode?adj_t=1ghpmxty&adj_label=&store_code=0000068021,https://www.aeon.com/aeonapp/campaign/202512_newentry50_LP/083kitaoji.html,https://www.aeon.com/aeonapp/campaign/202512_newentry50_LP/083kitaoji.html,,https://iaeon.go.link/destination=qrscan_storecode?adj_t=1ghpmxty&adj_label=&store_code=https://iaeon.go.link/destination=qrscan_storecode?adj_t=1ghpmxty&adj_label=&store_code=0000068021
00000M1546,奈良県,イオンモール橿原,kashihara,084,084kashihara.html,https://iaeon.go.link/destination=qrscan_storecode?adj_t=1ghpmxty&adj_label=&store_code=00000M1546,https://www.aeon.com/aeonapp/campaign/202512_newentry50_LP/084kashihara.html,https://www.aeon.com/aeonapp/campaign/202512_newentry50_LP/084kashihara.html,,https://iaeon.go.link/destination=qrscan_storecode?adj_t=1ghpmxty&adj_label=&store_code=https://iaeon.go.link/destination=qrscan_storecode?adj_t=1ghpmxty&adj_label=&store_code=00000M1546
00000M1542,奈良県,イオンモール奈良登美ヶ丘,naratomigaoka,085,085naratomigaoka.html,https://iaeon.go.link/destination=qrscan_storecode?adj_t=1ghpmxty&adj_label=&store_code=00000M1542,https://www.aeon.com/aeonapp/campaign/202512_newentry50_LP/085naratomigaoka.html,https://www.aeon.com/aeonapp/campaign/202512_newentry50_LP/085naratomigaoka.html,,https://iaeon.go.link/destination=qrscan_storecode?adj_t=1ghpmxty&adj_label=&store_code=https://iaeon.go.link/destination=qrscan_storecode?adj_t=1ghpmxty&adj_label=&store_code=00000M1542
00000M1134,奈良県,イオンモール大和郡山,yamatokoriyama,086,086yamatokoriyama.html,https://iaeon.go.link/destination=qrscan_storecode?adj_t=1ghpmxty&adj_label=&store_code=00000M1134,https://www.aeon.com/aeonapp/campaign/202512_newentry50_LP/086yamatokoriyama.html,https://www.aeon.com/aeonapp/campaign/202512_newentry50_LP/086yamatokoriyama.html,,https://iaeon.go.link/destination=qrscan_storecode?adj_t=1ghpmxty&adj_label=&store_code=https://iaeon.go.link/destination=qrscan_storecode?adj_t=1ghpmxty&adj_label=&store_code=00000M1134
00000M1533,大阪府,イオンモール茨木,ibaraki,087,087ibaraki.html,https://iaeon.go.link/destination=qrscan_storecode?adj_t=1ghpmxty&adj_label=&store_code=00000M1533,https://www.aeon.com/aeonapp/campaign/202512_newentry50_LP/087ibaraki.html,https://www.aeon.com/aeonapp/campaign/202512_newentry50_LP/087ibaraki.html,,https://iaeon.go.link/destination=qrscan_storecode?adj_t=1ghpmxty&adj_label=&store_code=https://iaeon.go.link/destination=qrscan_storecode?adj_t=1ghpmxty&adj_label=&store_code=00000M1533
00000M1543,大阪府,イオンモール大阪ドームシティ,osakadomecity,088,088osakadomecity.html,https://iaeon.go.link/destination=qrscan_storecode?adj_t=1ghpmxty&adj_label=&store_code=00000M1543,https://www.aeon.com/aeonapp/campaign/202512_newentry50_LP/088osakadomecity.html,https://www.aeon.com/aeonapp/campaign/202512_newentry50_LP/088osakadomecity.html,,https://iaeon.go.link/destination=qrscan_storecode?adj_t=1ghpmxty&adj_label=&store_code=https://iaeon.go.link/destination=qrscan_storecode?adj_t=1ghpmxty&adj_label=&store_code=00000M1543
00000M1550,大阪府,イオンモール堺北花田,sakaikitahanada,089,089sakaikitahanada.html,https://iaeon.go.link/destination=qrscan_storecode?adj_t=1ghpmxty&adj_label=&store_code=00000M1550,https://www.aeon.com/aeonapp/campaign/202512_newentry50_LP/089sakaikitahanada.html,https://www.aeon.com/aeonapp/campaign/202512_newentry50_LP/089sakaikitahanada.html,,https://iaeon.go.link/destination=qrscan_storecode?adj_t=1ghpmxty&adj_label=&store_code=https://iaeon.go.link/destination=qrscan_storecode?adj_t=1ghpmxty&adj_label=&store_code=00000M1550
00000M1155,大阪府,イオンモール堺鉄砲町,sakaiteppocho,090,090sakaiteppocho.html,https://iaeon.go.link/destination=qrscan_storecode?adj_t=1ghpmxty&adj_label=&store_code=00000M1155,https://www.aeon.com/aeonapp/campaign/202512_newentry50_LP/090sakaiteppocho.html,https://www.aeon.com/aeonapp/campaign/202512_newentry50_LP/090sakaiteppocho.html,,https://iaeon.go.link/destination=qrscan_storecode?adj_t=1ghpmxty&adj_label=&store_code=https://iaeon.go.link/destination=qrscan_storecode?adj_t=1ghpmxty&adj_label=&store_code=00000M1155
00000M1152,大阪府,イオンモール四條畷,shijonawata,091,091shijonawata.html,https://iaeon.go.link/destination=qrscan_storecode?adj_t=1ghpmxty&adj_label=&store_code=00000M1152,https://www.aeon.com/aeonapp/campaign/202512_newentry50_LP/091shijonawata.html,https://www.aeon.com/aeonapp/campaign/202512_newentry50_LP/091shijonawata.html,,https://iaeon.go.link/destination=qrscan_storecode?adj_t=1ghpmxty&adj_label=&store_code=https://iaeon.go.link/destination=qrscan_storecode?adj_t=1ghpmxty&adj_label=&store_code=00000M1152
00000M1526,大阪府,イオンモール大日,dainichi,092,092dainichi.html,https://iaeon.go.link/destination=qrscan_storecode?adj_t=1ghpmxty&adj_label=&store_code=00000M1526,https://www.aeon.com/aeonapp/campaign/202512_newentry50_LP/092dainichi.html,https://www.aeon.com/aeonapp/campaign/202512_newentry50_LP/092dainichi.html,,https://iaeon.go.link/destination=qrscan_storecode?adj_t=1ghpmxty&adj_label=&store_code=https://iaeon.go.link/destination=qrscan_storecode?adj_t=1ghpmxty&adj_label=&store_code=00000M1526
00000M1553,大阪府,イオンモール鶴見緑地,tsurumiryokuchi,093,093tsurumiryokuchi.html,https://iaeon.go.link/destination=qrscan_storecode?adj_t=1ghpmxty&adj_label=&store_code=00000M1553,https://www.aeon.com/aeonapp/campaign/202512_newentry50_LP/093tsurumiryokuchi.html,https://www.aeon.com/aeonapp/campaign/202512_newentry50_LP/093tsurumiryokuchi.html,,https://iaeon.go.link/destination=qrscan_storecode?adj_t=1ghpmxty&adj_label=&store_code=https://iaeon.go.link/destination=qrscan_storecode?adj_t=1ghpmxty&adj_label=&store_code=00000M1553
00000M1509,大阪府,イオンモール日根野,hineno,094,094hineno.html,https://iaeon.go.link/destination=qrscan_storecode?adj_t=1ghpmxty&adj_label=&store_code=00000M1509,https://www.aeon.com/aeonapp/campaign/202512_newentry50_LP/094hineno.html,https://www.aeon.com/aeonapp/campaign/202512_newentry50_LP/094hineno.html,,https://iaeon.go.link/destination=qrscan_storecode?adj_t=1ghpmxty&adj_label=&store_code=https://iaeon.go.link/destination=qrscan_storecode?adj_t=1ghpmxty&adj_label=&store_code=00000M1509
00000M1119,大阪府,イオンモールりんくう泉南,rinkusennan,095,095rinkusennan.html,https://iaeon.go.link/destination=qrscan_storecode?adj_t=1ghpmxty&adj_label=&store_code=00000M1119,https://www.aeon.com/aeonapp/campaign/202512_newentry50_LP/095rinkusennan.html,https://www.aeon.com/aeonapp/campaign/202512_newentry50_LP/095rinkusennan.html,,https://iaeon.go.link/destination=qrscan_storecode?adj_t=1ghpmxty&adj_label=&store_code=https://iaeon.go.link/destination=qrscan_storecode?adj_t=1ghpmxty&adj_label=&store_code=00000M1119
00000M1580,大阪府,イオンSENRITO専門館,senrito,096,096senrito.html,https://iaeon.go.link/destination=qrscan_storecode?adj_t=1ghpmxty&adj_label=&store_code=00000M1580,https://www.aeon.com/aeonapp/campaign/202512_newentry50_LP/096senrito.html,https://www.aeon.com/aeonapp/campaign/202512_newentry50_LP/096senrito.html,,https://iaeon.go.link/destination=qrscan_storecode?adj_t=1ghpmxty&adj_label=&store_code=https://iaeon.go.link/destination=qrscan_storecode?adj_t=1ghpmxty&adj_label=&store_code=00000M1580
00000M1143,和歌山県,イオンモール和歌山,wakayama,097,097wakayama.html,https://iaeon.go.link/destination=qrscan_storecode?adj_t=1ghpmxty&adj_label=&store_code=00000M1143,https://www.aeon.com/aeonapp/campaign/202512_newentry50_LP/097wakayama.html,https://www.aeon.com/aeonapp/campaign/202512_newentry50_LP/097wakayama.html,,https://iaeon.go.link/destination=qrscan_storecode?adj_t=1ghpmxty&adj_label=&store_code=https://iaeon.go.link/destination=qrscan_storecode?adj_t=1ghpmxty&adj_label=&store_code=00000M1143
00000M1514,兵庫県,イオン明石ショッピングセンター,akashi,098,098akashi.html,https://iaeon.go.link/destination=qrscan_storecode?adj_t=1ghpmxty&adj_label=&store_code=00000M1514,https://www.aeon.com/aeonapp/campaign/202512_newentry50_LP/098akashi.html,https://www.aeon.com/aeonapp/campaign/202512_newentry50_LP/098akashi.html,,https://iaeon.go.link/destination=qrscan_storecode?adj_t=1ghpmxty&adj_label=&store_code=https://iaeon.go.link/destination=qrscan_storecode?adj_t=1ghpmxty&adj_label=&store_code=00000M1514
00000M1545,兵庫県,イオンモール伊丹,itami,099,099itami.html,https://iaeon.go.link/destination=qrscan_storecode?adj_t=1ghpmxty&adj_label=&store_code=00000M1545,https://www.aeon.com/aeonapp/campaign/202512_newentry50_LP/099itami.html,https://www.aeon.com/aeonapp/campaign/202512_newentry50_LP/099itami.html,,https://iaeon.go.link/destination=qrscan_storecode?adj_t=1ghpmxty&adj_label=&store_code=https://iaeon.go.link/destination=qrscan_storecode?adj_t=1ghpmxty&adj_label=&store_code=00000M1545
00000M1536,兵庫県,イオンモール伊丹昆陽,itamikoya,100,100itamikoya.html,https://iaeon.go.link/destination=qrscan_storecode?adj_t=1ghpmxty&adj_label=&store_code=00000M1536,https://www.aeon.com/aeonapp/campaign/202512_newentry50_LP/100itamikoya.html,https://www.aeon.com/aeonapp/campaign/202512_newentry50_LP/100itamikoya.html,,https://iaeon.go.link/destination=qrscan_storecode?adj_t=1ghpmxty&adj_label=&store_code=https://iaeon.go.link/destination=qrscan_storecode?adj_t=1ghpmxty&adj_label=&store_code=00000M1536
00000M1508,兵庫県,イオンモール猪名川,inagawa,101,101inagawa.html,https://iaeon.go.link/destination=qrscan_storecode?adj_t=1ghpmxty&adj_label=&store_code=00000M1508,https://www.aeon.com/aeonapp/campaign/202512_newentry50_LP/101inagawa.html,https://www.aeon.com/aeonapp/campaign/202512_newentry50_LP/101inagawa.html,,https://iaeon.go.link/destination=qrscan_storecode?adj_t=1ghpmxty&adj_label=&store_code=https://iaeon.go.link/destination=qrscan_storecode?adj_t=1ghpmxty&adj_label=&store_code=00000M1508
00000M1535,兵庫県,イオンモール加西北条,kasaihokujyo,102,102kasaihokujyo.html,https://iaeon.go.link/destination=qrscan_storecode?adj_t=1ghpmxty&adj_label=&store_code=00000M1535,https://www.aeon.com/aeonapp/campaign/202512_newentry50_LP/102kasaihokujyo.html,https://www.aeon.com/aeonapp/campaign/202512_newentry50_LP/102kasaihokujyo.html,,https://iaeon.go.link/destination=qrscan_storecode?adj_t=1ghpmxty&adj_label=&store_code=https://iaeon.go.link/destination=qrscan_storecode?adj_t=1ghpmxty&adj_label=&store_code=00000M1535
00000M1125,兵庫県,イオンモール神戸北,koubekita,103,103koubekita.html,https://iaeon.go.link/destination=qrscan_storecode?adj_t=1ghpmxty&adj_label=&store_code=00000M1125,https://www.aeon.com/aeonapp/campaign/202512_newentry50_LP/103koubekita.html,https://www.aeon.com/aeonapp/campaign/202512_newentry50_LP/103koubekita.html,,https://iaeon.go.link/destination=qrscan_storecode?adj_t=1ghpmxty&adj_label=&store_code=https://iaeon.go.link/destination=qrscan_storecode?adj_t=1ghpmxty&adj_label=&store_code=00000M1125
00000M1162,兵庫県,イオンモール神戸南,koubeminami,104,104koubeminami.html,https://iaeon.go.link/destination=qrscan_storecode?adj_t=1ghpmxty&adj_label=&store_code=00000M1162,https://www.aeon.com/aeonapp/campaign/202512_newentry50_LP/104koubeminami.html,https://www.aeon.com/aeonapp/campaign/202512_newentry50_LP/104koubeminami.html,,https://iaeon.go.link/destination=qrscan_storecode?adj_t=1ghpmxty&adj_label=&store_code=https://iaeon.go.link/destination=qrscan_storecode?adj_t=1ghpmxty&adj_label=&store_code=00000M1162
00000M1517,兵庫県,イオンモール姫路大津,himejiootsu,105,105himejiootsu.html,https://iaeon.go.link/destination=qrscan_storecode?adj_t=1ghpmxty&adj_label=&store_code=00000M1517,https://www.aeon.com/aeonapp/campaign/202512_newentry50_LP/105himejiootsu.html,https://www.aeon.com/aeonapp/campaign/202512_newentry50_LP/105himejiootsu.html,,https://iaeon.go.link/destination=qrscan_storecode?adj_t=1ghpmxty&adj_label=&store_code=https://iaeon.go.link/destination=qrscan_storecode?adj_t=1ghpmxty&adj_label=&store_code=00000M1517
00000M1515,兵庫県,イオンモール姫路リバーシティー,himeji-rivercity,106,106himeji-rivercity.html,https://iaeon.go.link/destination=qrscan_storecode?adj_t=1ghpmxty&adj_label=&store_code=00000M1515,https://www.aeon.com/aeonapp/campaign/202512_newentry50_LP/106himeji-rivercity.html,https://www.aeon.com/aeonapp/campaign/202512_newentry50_LP/106himeji-rivercity.html,,https://iaeon.go.link/destination=qrscan_storecode?adj_t=1ghpmxty&adj_label=&store_code=https://iaeon.go.link/destination=qrscan_storecode?adj_t=1ghpmxty&adj_label=&store_code=00000M1515
0000055861,兵庫県,明石ビブレ,akashivivre,107,107akashivivre.html,https://iaeon.go.link/destination=qrscan_storecode?adj_t=1ghpmxty&adj_label=&store_code=0000055861,https://www.aeon.com/aeonapp/campaign/202512_newentry50_LP/107akashivivre.html,https://www.aeon.com/aeonapp/campaign/202512_newentry50_LP/107akashivivre.html,,https://iaeon.go.link/destination=qrscan_storecode?adj_t=1ghpmxty&adj_label=&store_code=https://iaeon.go.link/destination=qrscan_storecode?adj_t=1ghpmxty&adj_label=&store_code=0000055861
00000M1511,鳥取県,イオンモール鳥取北,tottorikita,108,108tottorikita.html,https://iaeon.go.link/destination=qrscan_storecode?adj_t=1ghpmxty&adj_label=&store_code=00000M1511,https://www.aeon.com/aeonapp/campaign/202512_newentry50_LP/108tottorikita.html,https://www.aeon.com/aeonapp/campaign/202512_newentry50_LP/108tottorikita.html,,https://iaeon.go.link/destination=qrscan_storecode?adj_t=1ghpmxty&adj_label=&store_code=https://iaeon.go.link/destination=qrscan_storecode?adj_t=1ghpmxty&adj_label=&store_code=00000M1511
00000M1513,鳥取県,イオンモール日吉津,hiezu,109,109hiezu.html,https://iaeon.go.link/destination=qrscan_storecode?adj_t=1ghpmxty&adj_label=&store_code=00000M1513,https://www.aeon.com/aeonapp/campaign/202512_newentry50_LP/109hiezu.html,https://www.aeon.com/aeonapp/campaign/202512_newentry50_LP/109hiezu.html,,https://iaeon.go.link/destination=qrscan_storecode?adj_t=1ghpmxty&adj_label=&store_code=https://iaeon.go.link/destination=qrscan_storecode?adj_t=1ghpmxty&adj_label=&store_code=00000M1513
00000M1151,岡山県,イオンモール岡山,okayama,110,110okayama.html,https://iaeon.go.link/destination=qrscan_storecode?adj_t=1ghpmxty&adj_label=&store_code=00000M1151,https://www.aeon.com/aeonapp/campaign/202512_newentry50_LP/110okayama.html,https://www.aeon.com/aeonapp/campaign/202512_newentry50_LP/110okayama.html,,https://iaeon.go.link/destination=qrscan_storecode?adj_t=1ghpmxty&adj_label=&store_code=https://iaeon.go.link/destination=qrscan_storecode?adj_t=1ghpmxty&adj_label=&store_code=00000M1151
00000M1555,岡山県,イオンモール倉敷,kurashiki,111,111kurashiki.html,https://iaeon.go.link/destination=qrscan_storecode?adj_t=1ghpmxty&adj_label=&store_code=00000M1555,https://www.aeon.com/aeonapp/campaign/202512_newentry50_LP/111kurashiki.html,https://www.aeon.com/aeonapp/campaign/202512_newentry50_LP/111kurashiki.html,,https://iaeon.go.link/destination=qrscan_storecode?adj_t=1ghpmxty&adj_label=&store_code=https://iaeon.go.link/destination=qrscan_storecode?adj_t=1ghpmxty&adj_label=&store_code=00000M1555
00000M1516,岡山県,イオンモール津山,tsuyama,112,112tsuyama.html,https://iaeon.go.link/destination=qrscan_storecode?adj_t=1ghpmxty&adj_label=&store_code=00000M1516,https://www.aeon.com/aeonapp/campaign/202512_newentry50_LP/112tsuyama.html,https://www.aeon.com/aeonapp/campaign/202512_newentry50_LP/112tsuyama.html,,https://iaeon.go.link/destination=qrscan_storecode?adj_t=1ghpmxty&adj_label=&store_code=https://iaeon.go.link/destination=qrscan_storecode?adj_t=1ghpmxty&adj_label=&store_code=00000M1516
00000M1133,広島県,イオンモール広島祇園,hiroshimagion,113,113hiroshimagion.html,https://iaeon.go.link/destination=qrscan_storecode?adj_t=1ghpmxty&adj_label=&store_code=00000M1133,https://www.aeon.com/aeonapp/campaign/202512_newentry50_LP/113hiroshimagion.html,https://www.aeon.com/aeonapp/campaign/202512_newentry50_LP/113hiroshimagion.html,,https://iaeon.go.link/destination=qrscan_storecode?adj_t=1ghpmxty&adj_label=&store_code=https://iaeon.go.link/destination=qrscan_storecode?adj_t=1ghpmxty&adj_label=&store_code=00000M1133
00000M1014,広島県,イオンモール広島府中,hiroshimafuchu,114,114hiroshimafuchu.html,https://iaeon.go.link/destination=qrscan_storecode?adj_t=1ghpmxty&adj_label=&store_code=00000M1014,https://www.aeon.com/aeonapp/campaign/202512_newentry50_LP/114hiroshimafuchu.html,https://www.aeon.com/aeonapp/campaign/202512_newentry50_LP/114hiroshimafuchu.html,,https://iaeon.go.link/destination=qrscan_storecode?adj_t=1ghpmxty&adj_label=&store_code=https://iaeon.go.link/destination=qrscan_storecode?adj_t=1ghpmxty&adj_label=&store_code=00000M1014
00000M1159,徳島県,イオンモール徳島,tokushima,115,115tokushima.html,https://iaeon.go.link/destination=qrscan_storecode?adj_t=1ghpmxty&adj_label=&store_code=00000M1159,https://www.aeon.com/aeonapp/campaign/202512_newentry50_LP/115tokushima.html,https://www.aeon.com/aeonapp/campaign/202512_newentry50_LP/115tokushima.html,,https://iaeon.go.link/destination=qrscan_storecode?adj_t=1ghpmxty&adj_label=&store_code=https://iaeon.go.link/destination=qrscan_storecode?adj_t=1ghpmxty&adj_label=&store_code=00000M1159
00000M1573,香川県,イオンモール綾川,ayagawa,116,116ayagawa.html,https://iaeon.go.link/destination=qrscan_storecode?adj_t=1ghpmxty&adj_label=&store_code=00000M1573,https://www.aeon.com/aeonapp/campaign/202512_newentry50_LP/116ayagawa.html,https://www.aeon.com/aeonapp/campaign/202512_newentry50_LP/116ayagawa.html,,https://iaeon.go.link/destination=qrscan_storecode?adj_t=1ghpmxty&adj_label=&store_code=https://iaeon.go.link/destination=qrscan_storecode?adj_t=1ghpmxty&adj_label=&store_code=00000M1573
00000M1574,香川県,イオンモール高松,takamatsu,117,117takamatsu.html,https://iaeon.go.link/destination=qrscan_storecode?adj_t=1ghpmxty&adj_label=&store_code=00000M1574,https://www.aeon.com/aeonapp/campaign/202512_newentry50_LP/117takamatsu.html,https://www.aeon.com/aeonapp/campaign/202512_newentry50_LP/117takamatsu.html,,https://iaeon.go.link/destination=qrscan_storecode?adj_t=1ghpmxty&adj_label=&store_code=https://iaeon.go.link/destination=qrscan_storecode?adj_t=1ghpmxty&adj_label=&store_code=00000M1574
00000M1156,愛媛県,イオンモール今治新都市,imabarishintoshi,118,118imabarishintoshi.html,https://iaeon.go.link/destination=qrscan_storecode?adj_t=1ghpmxty&adj_label=&store_code=00000M1156,https://www.aeon.com/aeonapp/campaign/202512_newentry50_LP/118imabarishintoshi.html,https://www.aeon.com/aeonapp/campaign/202512_newentry50_LP/118imabarishintoshi.html,,https://iaeon.go.link/destination=qrscan_storecode?adj_t=1ghpmxty&adj_label=&store_code=https://iaeon.go.link/destination=qrscan_storecode?adj_t=1ghpmxty&adj_label=&store_code=00000M1156
00000M1112,愛媛県,イオンモール新居浜,niihama,119,119niihama.html,https://iaeon.go.link/destination=qrscan_storecode?adj_t=1ghpmxty&adj_label=&store_code=00000M1112,https://www.aeon.com/aeonapp/campaign/202512_newentry50_LP/119niihama.html,https://www.aeon.com/aeonapp/campaign/202512_newentry50_LP/119niihama.html,,https://iaeon.go.link/destination=qrscan_storecode?adj_t=1ghpmxty&adj_label=&store_code=https://iaeon.go.link/destination=qrscan_storecode?adj_t=1ghpmxty&adj_label=&store_code=00000M1112
00000M1111,高知県,イオンモール高知,kochi,120,120kochi.html,https://iaeon.go.link/destination=qrscan_storecode?adj_t=1ghpmxty&adj_label=&store_code=00000M1111,https://www.aeon.com/aeonapp/campaign/202512_newentry50_LP/120kochi.html,https://www.aeon.com/aeonapp/campaign/202512_newentry50_LP/120kochi.html,,https://iaeon.go.link/destination=qrscan_storecode?adj_t=1ghpmxty&adj_label=&store_code=https://iaeon.go.link/destination=qrscan_storecode?adj_t=1ghpmxty&adj_label=&store_code=00000M1111
00000M1560,福岡県,イオンモール大牟田,omuta,121,121omuta.html,https://iaeon.go.link/destination=qrscan_storecode?adj_t=1ghpmxty&adj_label=&store_code=00000M1560,https://www.aeon.com/aeonapp/campaign/202512_newentry50_LP/121omuta.html,https://www.aeon.com/aeonapp/campaign/202512_newentry50_LP/121omuta.html,,https://iaeon.go.link/destination=qrscan_storecode?adj_t=1ghpmxty&adj_label=&store_code=https://iaeon.go.link/destination=qrscan_storecode?adj_t=1ghpmxty&adj_label=&store_code=00000M1560
00000M1558,福岡県,イオンモール筑紫野,tukushino,122,122tukushino.html,https://iaeon.go.link/destination=qrscan_storecode?adj_t=1ghpmxty&adj_label=&store_code=00000M1558,https://www.aeon.com/aeonapp/campaign/202512_newentry50_LP/122tukushino.html,https://www.aeon.com/aeonapp/campaign/202512_newentry50_LP/122tukushino.html,,https://iaeon.go.link/destination=qrscan_storecode?adj_t=1ghpmxty&adj_label=&store_code=https://iaeon.go.link/destination=qrscan_storecode?adj_t=1ghpmxty&adj_label=&store_code=00000M1558
00000M1556,福岡県,イオンモール直方,nagata,123,123nagata.html,https://iaeon.go.link/destination=qrscan_storecode?adj_t=1ghpmxty&adj_label=&store_code=00000M1556,https://www.aeon.com/aeonapp/campaign/202512_newentry50_LP/123nagata.html,https://www.aeon.com/aeonapp/campaign/202512_newentry50_LP/123nagata.html,,https://iaeon.go.link/destination=qrscan_storecode?adj_t=1ghpmxty&adj_label=&store_code=https://iaeon.go.link/destination=qrscan_storecode?adj_t=1ghpmxty&adj_label=&store_code=00000M1556
00000M1549,福岡県,イオンモール福岡,fukuoka,124,124fukuoka.html,https://iaeon.go.link/destination=qrscan_storecode?adj_t=1ghpmxty&adj_label=&store_code=00000M1549,https://www.aeon.com/aeonapp/campaign/202512_newentry50_LP/124fukuoka.html,https://www.aeon.com/aeonapp/campaign/202512_newentry50_LP/124fukuoka.html,,https://iaeon.go.link/destination=qrscan_storecode?adj_t=1ghpmxty&adj_label=&store_code=https://iaeon.go.link/destination=qrscan_storecode?adj_t=1ghpmxty&adj_label=&store_code=00000M1549
00000M1562,福岡県,イオンモール福津,fukutsu,125,125fukutsu.html,https://iaeon.go.link/destination=qrscan_storecode?adj_t=1ghpmxty&adj_label=&store_code=00000M1562,https://www.aeon.com/aeonapp/campaign/202512_newentry50_LP/125fukutsu.html,https://www.aeon.com/aeonapp/campaign/202512_newentry50_LP/125fukutsu.html,,https://iaeon.go.link/destination=qrscan_storecode?adj_t=1ghpmxty&adj_label=&store_code=https://iaeon.go.link/destination=qrscan_storecode?adj_t=1ghpmxty&adj_label=&store_code=00000M1562
00000M1575,福岡県,イオンモール八幡東,yahatahigashi,126,126yahatahigashi.html,https://iaeon.go.link/destination=qrscan_storecode?adj_t=1ghpmxty&adj_label=&store_code=00000M1575,https://www.aeon.com/aeonapp/campaign/202512_newentry50_LP/126yahatahigashi.html,https://www.aeon.com/aeonapp/campaign/202512_newentry50_LP/126yahatahigashi.html,,https://iaeon.go.link/destination=qrscan_storecode?adj_t=1ghpmxty&adj_label=&store_code=https://iaeon.go.link/destination=qrscan_storecode?adj_t=1ghpmxty&adj_label=&store_code=00000M1575
00000M1106,大分県,イオンモール三光,sankoh,127,127sankoh.html,https://iaeon.go.link/destination=qrscan_storecode?adj_t=1ghpmxty&adj_label=&store_code=00000M1106,https://www.aeon.com/aeonapp/campaign/202512_newentry50_LP/127sankoh.html,https://www.aeon.com/aeonapp/campaign/202512_newentry50_LP/127sankoh.html,,https://iaeon.go.link/destination=qrscan_storecode?adj_t=1ghpmxty&adj_label=&store_code=https://iaeon.go.link/destination=qrscan_storecode?adj_t=1ghpmxty&adj_label=&store_code=00000M1106
00000M1009,熊本県,イオンモール宇城,uki,128,128uki.html,https://iaeon.go.link/destination=qrscan_storecode?adj_t=1ghpmxty&adj_label=&store_code=00000M1009,https://www.aeon.com/aeonapp/campaign/202512_newentry50_LP/128uki.html,https://www.aeon.com/aeonapp/campaign/202512_newentry50_LP/128uki.html,,https://iaeon.go.link/destination=qrscan_storecode?adj_t=1ghpmxty&adj_label=&store_code=https://iaeon.go.link/destination=qrscan_storecode?adj_t=1ghpmxty&adj_label=&store_code=00000M1009
00000M1551,熊本県,イオンモール熊本,kumamoto,129,129kumamoto.html,https://iaeon.go.link/destination=qrscan_storecode?adj_t=1ghpmxty&adj_label=&store_code=00000M1551,https://www.aeon.com/aeonapp/campaign/202512_newentry50_LP/129kumamoto.html,https://www.aeon.com/aeonapp/campaign/202512_newentry50_LP/129kumamoto.html,,https://iaeon.go.link/destination=qrscan_storecode?adj_t=1ghpmxty&adj_label=&store_code=https://iaeon.go.link/destination=qrscan_storecode?adj_t=1ghpmxty&adj_label=&store_code=00000M1551
00000M1129,宮崎県,イオンモール都城駅前,miyakonojoekimae,130,130miyakonojoekimae.html,https://iaeon.go.link/destination=qrscan_storecode?adj_t=1ghpmxty&adj_label=&store_code=00000M1129,https://www.aeon.com/aeonapp/campaign/202512_newentry50_LP/130miyakonojoekimae.html,https://www.aeon.com/aeonapp/campaign/202512_newentry50_LP/130miyakonojoekimae.html,,https://iaeon.go.link/destination=qrscan_storecode?adj_t=1ghpmxty&adj_label=&store_code=https://iaeon.go.link/destination=qrscan_storecode?adj_t=1ghpmxty&adj_label=&store_code=00000M1129
00000M1121,宮崎県,イオンモール宮崎,miyazaki,131,131miyazaki.html,https://iaeon.go.link/destination=qrscan_storecode?adj_t=1ghpmxty&adj_label=&store_code=00000M1121,https://www.aeon.com/aeonapp/campaign/202512_newentry50_LP/131miyazaki.html,https://www.aeon.com/aeonapp/campaign/202512_newentry50_LP/131miyazaki.html,,https://iaeon.go.link/destination=qrscan_storecode?adj_t=1ghpmxty&adj_label=&store_code=https://iaeon.go.link/destination=qrscan_storecode?adj_t=1ghpmxty&adj_label=&store_code=00000M1121
00000M1149,沖縄県,イオンモール沖縄ライカム,okinawarycom,132,132okinawarycom.html,https://iaeon.go.link/destination=qrscan_storecode?adj_t=1ghpmxty&adj_label=&store_code=00000M1149,https://www.aeon.com/aeonapp/campaign/202512_newentry50_LP/132okinawarycom.html,https://www.aeon.com/aeonapp/campaign/202512_newentry50_LP/132okinawarycom.html,,https://iaeon.go.link/destination=qrscan_storecode?adj_t=1ghpmxty&adj_label=&store_code=https://iaeon.go.link/destination=qrscan_storecode?adj_t=1ghpmxty&adj_label=&store_code=00000M1149
00000M1165,神奈川県,イオンモール座間,zama,133,133zama.html,https://iaeon.go.link/destination=qrscan_storecode?adj_t=1ghpmxty&adj_label=&store_code=00000M1165,https://www.aeon.com/aeonapp/campaign/202512_newentry50_LP/133zama.html,https://www.aeon.com/aeonapp/campaign/202512_newentry50_LP/133zama.html,,https://iaeon.go.link/destination=qrscan_storecode?adj_t=1ghpmxty&adj_label=&store_code=https://iaeon.go.link/destination=qrscan_storecode?adj_t=1ghpmxty&adj_label=&store_code=00000M1165
00000M1166,福島県,イオンモールいわき小名浜,iwakionahama,134,134iwakionahama.html,https://iaeon.go.link/destination=qrscan_storecode?adj_t=1ghpmxty&adj_label=&store_code=00000M1166,https://www.aeon.com/aeonapp/campaign/202512_newentry50_LP/134iwakionahama.html,https://www.aeon.com/aeonapp/campaign/202512_newentry50_LP/134iwakionahama.html,,https://iaeon.go.link/destination=qrscan_storecode?adj_t=1ghpmxty&adj_label=&store_code=https://iaeon.go.link/destination=qrscan_storecode?adj_t=1ghpmxty&adj_label=&store_code=00000M1166
00000M1167,三重県,イオンモール津南,tsuminami,135,135tsuminami.html,https://iaeon.go.link/destination=qrscan_storecode?adj_t=1ghpmxty&adj_label=&store_code=00000M1167,https://www.aeon.com/aeonapp/campaign/202512_newentry50_LP/135tsuminami.html,https://www.aeon.com/aeonapp/campaign/202512_newentry50_LP/135tsuminami.html,,https://iaeon.go.link/destination=qrscan_storecode?adj_t=1ghpmxty&adj_label=&store_code=https://iaeon.go.link/destination=qrscan_storecode?adj_t=1ghpmxty&adj_label=&store_code=00000M1167
00000M1169,大阪府,イオン藤井寺ショッピングセンター,fujiidera,136,136fujiidera.html,https://iaeon.go.link/destination=qrscan_storecode?adj_t=1ghpmxty&adj_label=&store_code=00000M1169,https://www.aeon.com/aeonapp/campaign/202512_newentry50_LP/136fujiidera.html,https://www.aeon.com/aeonapp/campaign/202512_newentry50_LP/136fujiidera.html,,https://iaeon.go.link/destination=qrscan_storecode?adj_t=1ghpmxty&adj_label=&store_code=https://iaeon.go.link/destination=qrscan_storecode?adj_t=1ghpmxty&adj_label=&store_code=00000M1169
00000M1582,広島県,THE OUTLETS HIROSHIMA,the-outlets-hiroshima,137,137the-outlets-hiroshima.html,https://iaeon.go.link/destination=qrscan_storecode?adj_t=1ghpmxty&adj_label=&store_code=00000M1582,https://www.aeon.com/aeonapp/campaign/202512_newentry50_LP/137the-outlets-hiroshima.html,https://www.aeon.com/aeonapp/campaign/202512_newentry50_LP/137the-outlets-hiroshima.html,,https://iaeon.go.link/destination=qrscan_storecode?adj_t=1ghpmxty&adj_label=&store_code=https://iaeon.go.link/destination=qrscan_storecode?adj_t=1ghpmxty&adj_label=&store_code=00000M1582
00000M1561,広島県,広島段原ショッピングセンター,danbara,138,138danbara.html,https://iaeon.go.link/destination=qrscan_storecode?adj_t=1ghpmxty&adj_label=&store_code=00000M1561,https://www.aeon.com/aeonapp/campaign/202512_newentry50_LP/138danbara.html,https://www.aeon.com/aeonapp/campaign/202512_newentry50_LP/138danbara.html,,https://iaeon.go.link/destination=qrscan_storecode?adj_t=1ghpmxty&adj_label=&store_code=https://iaeon.go.link/destination=qrscan_storecode?adj_t=1ghpmxty&adj_label=&store_code=00000M1561
00000M1170,埼玉県,イオンモール上尾,ageo,139,139ageo.html,https://iaeon.go.link/destination=qrscan_storecode?adj_t=1ghpmxty&adj_label=&store_code=00000M1170,https://www.aeon.com/aeonapp/campaign/202512_newentry50_LP/139ageo.html,https://www.aeon.com/aeonapp/campaign/202512_newentry50_LP/139ageo.html,,https://iaeon.go.link/destination=qrscan_storecode?adj_t=1ghpmxty&adj_label=&store_code=https://iaeon.go.link/destination=qrscan_storecode?adj_t=1ghpmxty&adj_label=&store_code=00000M1170
00000M1570,宮城県,イオンモール新利府 ,shinrifu,140,140shinrifu.html,https://iaeon.go.link/destination=qrscan_storecode?adj_t=1ghpmxty&adj_label=&store_code=00000M1570,https://www.aeon.com/aeonapp/campaign/202512_newentry50_LP/140shinrifu.html,https://www.aeon.com/aeonapp/campaign/202512_newentry50_LP/140shinrifu.html,,https://iaeon.go.link/destination=qrscan_storecode?adj_t=1ghpmxty&adj_label=&store_code=https://iaeon.go.link/destination=qrscan_storecode?adj_t=1ghpmxty&adj_label=&store_code=00000M1570
00000M1174,石川県,イオンモール白山,hakuzan,141,141hakuzan.html,https://iaeon.go.link/destination=qrscan_storecode?adj_t=1ghpmxty&adj_label=&store_code=00000M1174,https://www.aeon.com/aeonapp/campaign/202512_newentry50_LP/141hakuzan.html,https://www.aeon.com/aeonapp/campaign/202512_newentry50_LP/141hakuzan.html,,https://iaeon.go.link/destination=qrscan_storecode?adj_t=1ghpmxty&adj_label=&store_code=https://iaeon.go.link/destination=qrscan_storecode?adj_t=1ghpmxty&adj_label=&store_code=00000M1174
0000055961,愛知県,名古屋mozoオーパ,nagoya-mozo-opa,143,143nagoya-mozo-opa.html,https://iaeon.go.link/destination=qrscan_storecode?adj_t=1ghpmxty&adj_label=&store_code=0000055961,https://www.aeon.com/aeonapp/campaign/202512_newentry50_LP/143nagoya-mozo-opa.html,https://www.aeon.com/aeonapp/campaign/202512_newentry50_LP/143nagoya-mozo-opa.html,,https://iaeon.go.link/destination=qrscan_storecode?adj_t=1ghpmxty&adj_label=&store_code=https://iaeon.go.link/destination=qrscan_storecode?adj_t=1ghpmxty&adj_label=&store_code=0000055961
0000028231,京都府,河原町オーパ,kawaramachi-opa,144,144kawaramachi-opa.html,https://iaeon.go.link/destination=qrscan_storecode?adj_t=1ghpmxty&adj_label=&store_code=0000028231,https://www.aeon.com/aeonapp/campaign/202512_newentry50_LP/144kawaramachi-opa.html,https://www.aeon.com/aeonapp/campaign/202512_newentry50_LP/144kawaramachi-opa.html,,https://iaeon.go.link/destination=qrscan_storecode?adj_t=1ghpmxty&adj_label=&store_code=https://iaeon.go.link/destination=qrscan_storecode?adj_t=1ghpmxty&adj_label=&store_code=0000028231
0000327791,秋田県,秋田オーパ,akita-opa,145,145akita-opa.html,https://iaeon.go.link/destination=qrscan_storecode?adj_t=1ghpmxty&adj_label=&store_code=0000327791,https://www.aeon.com/aeonapp/campaign/202512_newentry50_LP/145akita-opa.html,https://www.aeon.com/aeonapp/campaign/202512_newentry50_LP/145akita-opa.html,,https://iaeon.go.link/destination=qrscan_storecode?adj_t=1ghpmxty&adj_label=&store_code=https://iaeon.go.link/destination=qrscan_storecode?adj_t=1ghpmxty&adj_label=&store_code=0000327791
0000028081,神奈川県,湘南藤沢オーパ,syonanfujisawa-opa,146,146syonanfujisawa-opa.html,https://iaeon.go.link/destination=qrscan_storecode?adj_t=1ghpmxty&adj_label=&store_code=0000028081,https://www.aeon.com/aeonapp/campaign/202512_newentry50_LP/146syonanfujisawa-opa.html,https://www.aeon.com/aeonapp/campaign/202512_newentry50_LP/146syonanfujisawa-opa.html,,https://iaeon.go.link/destination=qrscan_storecode?adj_t=1ghpmxty&adj_label=&store_code=https://iaeon.go.link/destination=qrscan_storecode?adj_t=1ghpmxty&adj_label=&store_code=0000028081
0000028261,大阪府,心斎橋オーパ,shinsaibashi-opa,147,147shinsaibashi-opa.html,https://iaeon.go.link/destination=qrscan_storecode?adj_t=1ghpmxty&adj_label=&store_code=0000028261,https://www.aeon.com/aeonapp/campaign/202512_newentry50_LP/147shinsaibashi-opa.html,https://www.aeon.com/aeonapp/campaign/202512_newentry50_LP/147shinsaibashi-opa.html,,https://iaeon.go.link/destination=qrscan_storecode?adj_t=1ghpmxty&adj_label=&store_code=https://iaeon.go.link/destination=qrscan_storecode?adj_t=1ghpmxty&adj_label=&store_code=0000028261
0000043001,茨城県,水戸オーパ,mito-opa,148,148mito-opa.html,https://iaeon.go.link/destination=qrscan_storecode?adj_t=1ghpmxty&adj_label=&store_code=0000043001,https://www.aeon.com/aeonapp/campaign/202512_newentry50_LP/148mito-opa.html,https://www.aeon.com/aeonapp/campaign/202512_newentry50_LP/148mito-opa.html,,https://iaeon.go.link/destination=qrscan_storecode?adj_t=1ghpmxty&adj_label=&store_code=https://iaeon.go.link/destination=qrscan_storecode?adj_t=1ghpmxty&adj_label=&store_code=0000043001
0000028001,東京都,聖蹟桜ヶ丘オーパ,seiseki-opa,149,149seiseki-opa.html,https://iaeon.go.link/destination=qrscan_storecode?adj_t=1ghpmxty&adj_label=&store_code=0000028001,https://www.aeon.com/aeonapp/campaign/202512_newentry50_LP/149seiseki-opa.html,https://www.aeon.com/aeonapp/campaign/202512_newentry50_LP/149seiseki-opa.html,,https://iaeon.go.link/destination=qrscan_storecode?adj_t=1ghpmxty&adj_label=&store_code=https://iaeon.go.link/destination=qrscan_storecode?adj_t=1ghpmxty&adj_label=&store_code=0000028001
0000335751,大分県,大分オーパ,oitaii-opa,150,150oitaii-opa.html,https://iaeon.go.link/destination=qrscan_storecode?adj_t=1ghpmxty&adj_label=&store_code=0000335751,https://www.aeon.com/aeonapp/campaign/202512_newentry50_LP/150oitaii-opa.html,https://www.aeon.com/aeonapp/campaign/202512_newentry50_LP/150oitaii-opa.html,,https://iaeon.go.link/destination=qrscan_storecode?adj_t=1ghpmxty&adj_label=&store_code=https://iaeon.go.link/destination=qrscan_storecode?adj_t=1ghpmxty&adj_label=&store_code=0000335751
0000043941,沖縄県,那覇オーパ,naha-opa,151,151naha-opa.html,https://iaeon.go.link/destination=qrscan_storecode?adj_t=1ghpmxty&adj_label=&store_code=0000043941,https://www.aeon.com/aeonapp/campaign/202512_newentry50_LP/151naha-opa.html,https://www.aeon.com/aeonapp/campaign/202512_newentry50_LP/151naha-opa.html,,https://iaeon.go.link/destination=qrscan_storecode?adj_t=1ghpmxty&adj_label=&store_code=https://iaeon.go.link/destination=qrscan_storecode?adj_t=1ghpmxty&adj_label=&store_code=0000043941
0000327081,東京都,八王子オーパ,hachioji-opa,152,152hachioji-opa.html,https://iaeon.go.link/destination=qrscan_storecode?adj_t=1ghpmxty&adj_label=&store_code=0000327081,https://www.aeon.com/aeonapp/campaign/202512_newentry50_LP/152hachioji-opa.html,https://www.aeon.com/aeonapp/campaign/202512_newentry50_LP/152hachioji-opa.html,,https://iaeon.go.link/destination=qrscan_storecode?adj_t=1ghpmxty&adj_label=&store_code=https://iaeon.go.link/destination=qrscan_storecode?adj_t=1ghpmxty&adj_label=&store_code=0000327081
0000327091,兵庫県,三宮オーパ２,sannomiya-opa2,153,153sannomiya-opa2.html,https://iaeon.go.link/destination=qrscan_storecode?adj_t=1ghpmxty&adj_label=&store_code=0000327091,https://www.aeon.com/aeonapp/campaign/202512_newentry50_LP/153sannomiya-opa2.html,https://www.aeon.com/aeonapp/campaign/202512_newentry50_LP/153sannomiya-opa2.html,,https://iaeon.go.link/destination=qrscan_storecode?adj_t=1ghpmxty&adj_label=&store_code=https://iaeon.go.link/destination=qrscan_storecode?adj_t=1ghpmxty&adj_label=&store_code=0000327091
00000M1578,愛知県,イオンモールNagoyaNoritakeGarden,nagoyanaritakegarden,154,154nagoyanaritakegarden.html,https://iaeon.go.link/destination=qrscan_storecode?adj_t=1ghpmxty&adj_label=&store_code=00000M1578,https://www.aeon.com/aeonapp/campaign/202512_newentry50_LP/154nagoyanaritakegarden.html,https://www.aeon.com/aeonapp/campaign/202512_newentry50_LP/154nagoyanaritakegarden.html,,https://iaeon.go.link/destination=qrscan_storecode?adj_t=1ghpmxty&adj_label=&store_code=https://iaeon.go.link/destination=qrscan_storecode?adj_t=1ghpmxty&adj_label=&store_code=00000M1578
0000709981,神奈川県,横浜ワールドポーターズ,yokoyama-world-porters,155,155yokoyama-world-porters.html,https://iaeon.go.link/destination=qrscan_storecode?adj_t=1ghpmxty&adj_label=&store_code=0000709981,https://www.aeon.com/aeonapp/campaign/202512_newentry50_LP/155yokoyama-world-porters.html,https://www.aeon.com/aeonapp/campaign/202512_newentry50_LP/155yokoyama-world-porters.html,,https://iaeon.go.link/destination=qrscan_storecode?adj_t=1ghpmxty&adj_label=&store_code=https://iaeon.go.link/destination=qrscan_storecode?adj_t=1ghpmxty&adj_label=&store_code=0000709981
00000M1581,福岡県,THE OUTLETS KITAKYUSHU,the-outlets-kitakyoshu,156,156the-outlets-kitakyoshu.html,https://iaeon.go.link/destination=qrscan_storecode?adj_t=1ghpmxty&adj_label=&store_code=00000M1581,https://www.aeon.com/aeonapp/campaign/202512_newentry50_LP/156the-outlets-kitakyoshu.html,https://www.aeon.com/aeonapp/campaign/202512_newentry50_LP/156the-outlets-kitakyoshu.html,,https://iaeon.go.link/destination=qrscan_storecode?adj_t=1ghpmxty&adj_label=&store_code=https://iaeon.go.link/destination=qrscan_storecode?adj_t=1ghpmxty&adj_label=&store_code=00000M1581
00000M1583,岐阜県,イオンモール土岐,toki,157,157toki.html,https://iaeon.go.link/destination=qrscan_storecode?adj_t=1ghpmxty&adj_label=&store_code=00000M1583,https://www.aeon.com/aeonapp/campaign/202512_newentry50_LP/157toki.html,https://www.aeon.com/aeonapp/campaign/202512_newentry50_LP/157toki.html,,https://iaeon.go.link/destination=qrscan_storecode?adj_t=1ghpmxty&adj_label=&store_code=https://iaeon.go.link/destination=qrscan_storecode?adj_t=1ghpmxty&adj_label=&store_code=00000M1583
00000M1584,愛知県,イオンモール豊川,toyokawa,158,158toyokawa.html,https://iaeon.go.link/destination=qrscan_storecode?adj_t=1ghpmxty&adj_label=&store_code=00000M1584,https://www.aeon.com/aeonapp/campaign/202512_newentry50_LP/158toyokawa.html,https://www.aeon.com/aeonapp/campaign/202512_newentry50_LP/158toyokawa.html,,https://iaeon.go.link/destination=qrscan_storecode?adj_t=1ghpmxty&adj_label=&store_code=https://iaeon.go.link/destination=qrscan_storecode?adj_t=1ghpmxty&adj_label=&store_code=00000M1584
00000M1585,神奈川県,THE OUTLETS SHONAN HIRATSUKA,the-outlets-shonan-hiratsuka,159,159the-outlets-shonan-hiratsuka.html,https://iaeon.go.link/destination=qrscan_storecode?adj_t=1ghpmxty&adj_label=&store_code=00000M1585,https://www.aeon.com/aeonapp/campaign/202512_newentry50_LP/159the-outlets-shonan-hiratsuka.html,https://www.aeon.com/aeonapp/campaign/202512_newentry50_LP/159the-outlets-shonan-hiratsuka.html,,https://iaeon.go.link/destination=qrscan_storecode?adj_t=1ghpmxty&adj_label=&store_code=https://iaeon.go.link/destination=qrscan_storecode?adj_t=1ghpmxty&adj_label=&store_code=00000M1585
00000M6330,長野県,イオンモール須坂,suzaka,160,160suzaka.html,https://iaeon.go.link/destination=qrscan_storecode?adj_t=1ghpmxty&adj_label=&store_code=00000M6330,https://www.aeon.com/aeonapp/campaign/202512_newentry50_LP/160suzaka.html,https://www.aeon.com/aeonapp/campaign/202512_newentry50_LP/160suzaka.html,,https://iaeon.go.link/destination=qrscan_storecode?adj_t=1ghpmxty&adj_label=&store_code=https://iaeon.go.link/destination=qrscan_storecode?adj_t=1ghpmxty&adj_label=&store_code=00000M6330
0000M38949,宮城県,イオンモール仙台上杉,sendaiuesugi,161,161sendaiuesugi.html,https://iaeon.go.link/destination=qrscan_storecode?adj_t=1ghpmxty&adj_label=&store_code=0000M38949,https://www.aeon.com/aeonapp/campaign/202512_newentry50_LP/161sendaiuesugi.html,https://www.aeon.com/aeonapp/campaign/202512_newentry50_LP/161sendaiuesugi.html,,https://iaeon.go.link/destination=qrscan_storecode?adj_t=1ghpmxty&adj_label=&store_code=0000M38949
,,,,,,,,,,
,,,,,,,,,,
,,,,,,,,,,
,,,,,,,,,,
,,,,,,,,,,
,,,,,,,,,,
,,,,,,,,,,
,,,,,,,,,,
,,,,,,,,,,
,,,,,,,,,,
,,,,,,,,,,
,,,,,,,,,,
,,,,,,,,,,
,,,,,,,,,,
,,,,,,,,,,
