No.,SC名,,,"no,",filename,お気に入りQRURL,LPURL
1,,イオンタウンアヤハプラザ,ayahapuraza,001,001ayahapuraza.html,https://iaeon.go.link/destination=qrscan_storecode?adj_t=1ghpmxty&adj_label=&store_code=0000056830,https://www.aeon.com/aeonapp/campaign/202512_newentry50_LP/001ayahapuraza.html
2,,イオンタウンおゆみ野,oyumino,002,002oyumino.html,https://iaeon.go.link/destination=qrscan_storecode?adj_t=1ghpmxty&adj_label=&store_code=0000086160,https://www.aeon.com/aeonapp/campaign/202512_newentry50_LP/002oyumino.html
3,,イオンタウンさくら,sakura,003,003sakura.html,https://iaeon.go.link/destination=qrscan_storecode?adj_t=1ghpmxty&adj_label=&store_code=0000091110,https://www.aeon.com/aeonapp/campaign/202512_newentry50_LP/003sakura.html
4,,イオンタウンしおだ野,shiodano,004,004shiodano.html,https://iaeon.go.link/destination=qrscan_storecode?adj_t=1ghpmxty&adj_label=&store_code=0000015300,https://www.aeon.com/aeonapp/campaign/202512_newentry50_LP/004shiodano.html
5,,イオンタウン辰巳台,tatsumidai,005,005tatsumidai.html,https://iaeon.go.link/destination=qrscan_storecode?adj_t=1ghpmxty&adj_label=&store_code=0000070670,https://www.aeon.com/aeonapp/campaign/202512_newentry50_LP/005tatsumidai.html
6,,イオンタウンふじみ野,fujimino,006,006fujimino.html,https://iaeon.go.link/destination=qrscan_storecode?adj_t=1ghpmxty&adj_label=&store_code=0000381790,https://www.aeon.com/aeonapp/campaign/202512_newentry50_LP/006fujimino.html
7,,イオンタウンユーカリが丘,yukarigaoka,007,007yukarigaoka.html,https://iaeon.go.link/destination=qrscan_storecode?adj_t=1ghpmxty&adj_label=&store_code=0000021830,https://www.aeon.com/aeonapp/campaign/202512_newentry50_LP/007yukarigaoka.html
8,,イオンタウン姶良,aira,008,008aira.html,https://iaeon.go.link/destination=qrscan_storecode?adj_t=1ghpmxty&adj_label=&store_code=0000055550,https://www.aeon.com/aeonapp/campaign/202512_newentry50_LP/008aira.html
9,,イオンタウン旭,asahi,009,009asahi.html,https://iaeon.go.link/destination=qrscan_storecode?adj_t=1ghpmxty&adj_label=&store_code=0000727730,https://www.aeon.com/aeonapp/campaign/202512_newentry50_LP/009asahi.html
10,,イオンタウン伊賀上野,igaueno,010,010igaueno.html,https://iaeon.go.link/destination=qrscan_storecode?adj_t=1ghpmxty&adj_label=&store_code=0000005300,https://www.aeon.com/aeonapp/campaign/202512_newentry50_LP/010igaueno.html
11,,イオンタウン伊勢ララパーク,iselalapark,011,011iselalapark.html,https://iaeon.go.link/destination=qrscan_storecode?adj_t=1ghpmxty&adj_label=&store_code=0000075120,https://www.aeon.com/aeonapp/campaign/202512_newentry50_LP/011iselalapark.html
12,,イオンタウン稲取,inatori,012,012inatori.html,https://iaeon.go.link/destination=qrscan_storecode?adj_t=1ghpmxty&adj_label=&store_code=0000046890,https://www.aeon.com/aeonapp/campaign/202512_newentry50_LP/012inatori.html
13,,イオンタウン稲城長沼,inaginaganumanaganuma,013,013inaginaganumanaganuma.html,https://iaeon.go.link/destination=qrscan_storecode?adj_t=1ghpmxty&adj_label=&store_code=0000395580,https://www.aeon.com/aeonapp/campaign/202512_newentry50_LP/013inaginaganumanaganuma.html
14,,イオンタウン稲毛長沼,inagenaganuma,014,014inagenaganuma.html,https://iaeon.go.link/destination=qrscan_storecode?adj_t=1ghpmxty&adj_label=&store_code=0000069380,https://www.aeon.com/aeonapp/campaign/202512_newentry50_LP/014inagenaganuma.html
15,,イオンタウン茨島アネックス,barajima,015,015barajima.html,https://iaeon.go.link/destination=qrscan_storecode?adj_t=1ghpmxty&adj_label=&store_code=0000096020,https://www.aeon.com/aeonapp/campaign/202512_newentry50_LP/015barajima.html
16,,イオンタウン茨木太田,ibarakioota,016,016ibarakioota.html,https://iaeon.go.link/destination=qrscan_storecode?adj_t=1ghpmxty&adj_label=&store_code=0000367220,https://www.aeon.com/aeonapp/campaign/202512_newentry50_LP/016ibarakioota.html
17,,イオンタウン宇多津,utazu,017,017utazu.html,https://iaeon.go.link/destination=qrscan_storecode?adj_t=1ghpmxty&adj_label=&store_code=0000055560,https://www.aeon.com/aeonapp/campaign/202512_newentry50_LP/017utazu.html
18,,イオンタウン羽昨,hanesaku,018,018hanesaku.html,https://iaeon.go.link/destination=qrscan_storecode?adj_t=1ghpmxty&adj_label=&store_code=0000025480,https://www.aeon.com/aeonapp/campaign/202512_newentry50_LP/018hanesaku.html
19,,イオンタウン羽倉崎,hanekurazaki,019,019hanekurazaki.html,https://iaeon.go.link/destination=qrscan_storecode?adj_t=1ghpmxty&adj_label=&store_code=0000085060,https://www.aeon.com/aeonapp/campaign/202512_newentry50_LP/019hanekurazaki.html
20,,イオンタウン塩釜,shiogama,020,020shiogama.html,https://iaeon.go.link/destination=qrscan_storecode?adj_t=1ghpmxty&adj_label=&store_code=0000043600,https://www.aeon.com/aeonapp/campaign/202512_newentry50_LP/020shiogama.html
21,,イオンタウン塩川,shiokawa,021,021shiokawa.html,https://iaeon.go.link/destination=qrscan_storecode?adj_t=1ghpmxty&adj_label=&store_code=0000046840,https://www.aeon.com/aeonapp/campaign/202512_newentry50_LP/021shiokawa.html
22,,イオンタウン岡崎美合,okazakimiai,022,022okazakimiai.html,https://iaeon.go.link/destination=qrscan_storecode?adj_t=1ghpmxty&adj_label=&store_code=0000395570,https://www.aeon.com/aeonapp/campaign/202512_newentry50_LP/022okazakimiai.html
23,,イオンタウン加古川,kakogawa,023,023kakogawa.html,https://iaeon.go.link/destination=qrscan_storecode?adj_t=1ghpmxty&adj_label=&store_code=0000057460,https://www.aeon.com/aeonapp/campaign/202512_newentry50_LP/023kakogawa.html
24,,イオンタウン各務原,kagamihara,024,024kagamihara.html,https://iaeon.go.link/destination=qrscan_storecode?adj_t=1ghpmxty&adj_label=&store_code=0000056750,https://www.aeon.com/aeonapp/campaign/202512_newentry50_LP/024kagamihara.html
25,,イオンタウン各務原鵜沼,kagamiharaunuma,025,025kagamiharaunuma.html,https://iaeon.go.link/destination=qrscan_storecode?adj_t=1ghpmxty&adj_label=&store_code=0000396030,https://www.aeon.com/aeonapp/campaign/202512_newentry50_LP/025kagamiharaunuma.html
26,,イオンタウン楽々園,rakurakuen,026,026rakurakuen.html,https://iaeon.go.link/destination=qrscan_storecode?adj_t=1ghpmxty&adj_label=&store_code=0000319260,https://www.aeon.com/aeonapp/campaign/202512_newentry50_LP/026rakurakuen.html
27,,イオンタウン蒲原,kanbara,027,027kanbara.html,https://iaeon.go.link/destination=qrscan_storecode?adj_t=1ghpmxty&adj_label=&store_code=0000097510,https://www.aeon.com/aeonapp/campaign/202512_newentry50_LP/027kanbara.html
28,,イオンタウン釜石,kamaishi,028,028kamaishi.html,https://iaeon.go.link/destination=qrscan_storecode?adj_t=1ghpmxty&adj_label=&store_code=0000094250,https://www.aeon.com/aeonapp/campaign/202512_newentry50_LP/028kamaishi.html
29,,イオンタウン芽野,meno,029,029meno.html,https://iaeon.go.link/destination=qrscan_storecode?adj_t=1ghpmxty&adj_label=&store_code=0000015310,https://www.aeon.com/aeonapp/campaign/202512_newentry50_LP/029meno.html
30,,イオンタウン刈谷,kariya,030,030kariya.html,https://iaeon.go.link/destination=qrscan_storecode?adj_t=1ghpmxty&adj_label=&store_code=0000056780,https://www.aeon.com/aeonapp/campaign/202512_newentry50_LP/030kariya.html
31,,イオンタウン館山,tateyama,031,031tateyama.html,https://iaeon.go.link/destination=qrscan_storecode?adj_t=1ghpmxty&adj_label=&store_code=0000057940,https://www.aeon.com/aeonapp/campaign/202512_newentry50_LP/031tateyama.html
32,,イオンタウン旗の台,hatanodai,032,032hatanodai.html,https://iaeon.go.link/destination=qrscan_storecode?adj_t=1ghpmxty&adj_label=&store_code=0000390740,https://www.aeon.com/aeonapp/campaign/202512_newentry50_LP/032hatanodai.html
33,,イオンタウン貴志川,kishikawa,033,033kishikawa.html,https://iaeon.go.link/destination=qrscan_storecode?adj_t=1ghpmxty&adj_label=&store_code=0000097570,https://www.aeon.com/aeonapp/campaign/202512_newentry50_LP/033kishikawa.html
34,,イオンタウン吉川美南,yoshikawaminami,034,034yoshikawaminami.html,https://iaeon.go.link/destination=qrscan_storecode?adj_t=1ghpmxty&adj_label=&store_code=0000026480,https://www.aeon.com/aeonapp/campaign/202512_newentry50_LP/034yoshikawaminami.html
35,,イオンタウン久御山,kumiyama,035,035kumiyama.html,https://iaeon.go.link/destination=qrscan_storecode?adj_t=1ghpmxty&adj_label=&store_code=0000056850,https://www.aeon.com/aeonapp/campaign/202512_newentry50_LP/035kumiyama.html
36,,イオンタウン金成,kanenari,036,036kanenari.html,https://iaeon.go.link/destination=qrscan_storecode?adj_t=1ghpmxty&adj_label=&store_code=0000070060,https://www.aeon.com/aeonapp/campaign/202512_newentry50_LP/036kanenari.html
37,,イオンタウン金沢駅西本町,kanazawaekinishimotomachi,037,037kanazawaekinishimotomachi.html,https://iaeon.go.link/destination=qrscan_storecode?adj_t=1ghpmxty&adj_label=&store_code=0000043670,https://www.aeon.com/aeonapp/campaign/202512_newentry50_LP/037kanazawaekinishimotomachi.html
38,,イオンタウン金沢示野,kanazawashimeno,038,038kanazawashimeno.html,https://iaeon.go.link/destination=qrscan_storecode?adj_t=1ghpmxty&adj_label=&store_code=0000043680,https://www.aeon.com/aeonapp/campaign/202512_newentry50_LP/038kanazawashimeno.html
39,,イオンタウン桑名新西方,kuwanashinnishikata,039,039kuwanashinnishikata.html,https://iaeon.go.link/destination=qrscan_storecode?adj_t=1ghpmxty&adj_label=&store_code=0000069330,https://www.aeon.com/aeonapp/campaign/202512_newentry50_LP/039kuwanashinnishikata.html
40,,イオンタウン君津,kimitsu,040,040kimitsu.html,https://iaeon.go.link/destination=qrscan_storecode?adj_t=1ghpmxty&adj_label=&store_code=0000021290,https://www.aeon.com/aeonapp/campaign/202512_newentry50_LP/040kimitsu.html
41,,イオンタウン郡山,kooriyama,041,041kooriyama.html,https://iaeon.go.link/destination=qrscan_storecode?adj_t=1ghpmxty&adj_label=&store_code=0000012680,https://www.aeon.com/aeonapp/campaign/202512_newentry50_LP/041kooriyama.html
42,,イオンタウン芸濃,geinou,042,042geinou.html,https://iaeon.go.link/destination=qrscan_storecode?adj_t=1ghpmxty&adj_label=&store_code=0000002890,https://www.aeon.com/aeonapp/campaign/202512_newentry50_LP/042geinou.html
43,,イオンタウン古川,furukawa,043,043furukawa.html,https://iaeon.go.link/destination=qrscan_storecode?adj_t=1ghpmxty&adj_label=&store_code=0000046760,https://www.aeon.com/aeonapp/campaign/202512_newentry50_LP/043furukawa.html
44,,イオンタウン湖西,kosai,044,044kosai.html,https://iaeon.go.link/destination=qrscan_storecode?adj_t=1ghpmxty&adj_label=&store_code=0000001110,https://www.aeon.com/aeonapp/campaign/202512_newentry50_LP/044kosai.html
45,,イオンタウン湖西新居,kosaiarai,045,045kosaiarai.html,https://iaeon.go.link/destination=qrscan_storecode?adj_t=1ghpmxty&adj_label=&store_code=0000160910,https://www.aeon.com/aeonapp/campaign/202512_newentry50_LP/045kosaiarai.html
46,,イオンタウン湖南,konan,046,046konan.html,https://iaeon.go.link/destination=qrscan_storecode?adj_t=1ghpmxty&adj_label=&store_code=0000094370,https://www.aeon.com/aeonapp/campaign/202512_newentry50_LP/046konan.html
47,,イオンタウン菰野,komono,047,047komono.html,https://iaeon.go.link/destination=qrscan_storecode?adj_t=1ghpmxty&adj_label=&store_code=0000019200,https://www.aeon.com/aeonapp/campaign/202512_newentry50_LP/047komono.html
48,,イオンタウン弘前樋ノ口,hirosakihinokuchi,048,048hirosakihinokuchi.html,https://iaeon.go.link/destination=qrscan_storecode?adj_t=1ghpmxty&adj_label=&store_code=0000057890,https://www.aeon.com/aeonapp/campaign/202512_newentry50_LP/048hirosakihinokuchi.html
49,,イオンタウン江刺,esashi,049,049esashi.html,https://iaeon.go.link/destination=qrscan_storecode?adj_t=1ghpmxty&adj_label=&store_code=0000316280,https://www.aeon.com/aeonapp/campaign/202512_newentry50_LP/049esashi.html
50,,イオンタウン江別,ebetsu,050,050ebetsu.html,https://iaeon.go.link/destination=qrscan_storecode?adj_t=1ghpmxty&adj_label=&store_code=0000085160,https://www.aeon.com/aeonapp/campaign/202512_newentry50_LP/050ebetsu.html
51,,イオンタウン荒尾,arao,051,051arao.html,https://iaeon.go.link/destination=qrscan_storecode?adj_t=1ghpmxty&adj_label=&store_code=0000057470,https://www.aeon.com/aeonapp/campaign/202512_newentry50_LP/051arao.html
52,,イオンタウン高砂,takasago,052,052takasago.html,https://iaeon.go.link/destination=qrscan_storecode?adj_t=1ghpmxty&adj_label=&store_code=0000057450,https://www.aeon.com/aeonapp/campaign/202512_newentry50_LP/052takasago.html
53,,イオンタウン黒崎,kurosaki,053,053kurosaki.html,https://iaeon.go.link/destination=qrscan_storecode?adj_t=1ghpmxty&adj_label=&store_code=0000005340,https://www.aeon.com/aeonapp/campaign/202512_newentry50_LP/053kurosaki.html
54,,イオンタウン佐沼,sanuma,054,054sanuma.html,https://iaeon.go.link/destination=qrscan_storecode?adj_t=1ghpmxty&adj_label=&store_code=0000058250,https://www.aeon.com/aeonapp/campaign/202512_newentry50_LP/054sanuma.html
55,,イオンタウン佐野,sano,055,055sano.html,https://iaeon.go.link/destination=qrscan_storecode?adj_t=1ghpmxty&adj_label=&store_code=0000057920,https://www.aeon.com/aeonapp/campaign/202512_newentry50_LP/055sano.html
56,,イオンタウン山科椥辻,yamashinanagitsuji,056,056yamashinanagitsuji.html,https://iaeon.go.link/destination=qrscan_storecode?adj_t=1ghpmxty&adj_label=&store_code=0000316290,https://www.aeon.com/aeonapp/campaign/202512_newentry50_LP/056yamashinanagitsuji.html
57,,イオンタウン山梨中央,yamanashi_chuo,057,057yamanashi_chuo.html,https://iaeon.go.link/destination=qrscan_storecode?adj_t=1ghpmxty&adj_label=&store_code=0000058370,https://www.aeon.com/aeonapp/campaign/202512_newentry50_LP/057yamanashi_chuo.html
58,,イオンタウン四日市泊,yokkaichi,058,058yokkaichi.html,https://iaeon.go.link/destination=qrscan_storecode?adj_t=1ghpmxty&adj_label=&store_code=0000381900,https://www.aeon.com/aeonapp/campaign/202512_newentry50_LP/058yokkaichi.html
59,,イオンタウン市川大和田,ichikawaoowada,059,059ichikawaoowada.html,https://iaeon.go.link/destination=qrscan_storecode?adj_t=1ghpmxty&adj_label=&store_code=0000021210,https://www.aeon.com/aeonapp/campaign/202512_newentry50_LP/059ichikawaoowada.html
60,,イオンタウン糸魚川,itoigawa,060,060itoigawa.html,https://iaeon.go.link/destination=qrscan_storecode?adj_t=1ghpmxty&adj_label=&store_code=0000082630,https://www.aeon.com/aeonapp/campaign/202512_newentry50_LP/060itoigawa.html
61,,イオンタウン紫波,shiwa,061,061shiwa.html,https://iaeon.go.link/destination=qrscan_storecode?adj_t=1ghpmxty&adj_label=&store_code=0000012610,https://www.aeon.com/aeonapp/campaign/202512_newentry50_LP/061shiwa.html
62,,イオンタウン鹿島台,kashimadai,062,062kashimadai.html,https://iaeon.go.link/destination=qrscan_storecode?adj_t=1ghpmxty&adj_label=&store_code=0000046770,https://www.aeon.com/aeonapp/campaign/202512_newentry50_LP/062kashimadai.html
63,,イオンタウン柴田,shibata,063,063shibata.html,https://iaeon.go.link/destination=qrscan_storecode?adj_t=1ghpmxty&adj_label=&store_code=0000012740,https://www.aeon.com/aeonapp/campaign/202512_newentry50_LP/063shibata.html
64,,イオンタウン守口,moriguchi,064,064moriguchi.html,https://iaeon.go.link/destination=qrscan_storecode?adj_t=1ghpmxty&adj_label=&store_code=0000161590,https://www.aeon.com/aeonapp/campaign/202512_newentry50_LP/064moriguchi.html
65,,イオンタウン守谷,moriya,065,065moriya.html,https://iaeon.go.link/destination=qrscan_storecode?adj_t=1ghpmxty&adj_label=&store_code=0000057990,https://www.aeon.com/aeonapp/campaign/202512_newentry50_LP/065moriya.html
66,,イオンタウン酒田,sakata,066,066sakata.html,https://iaeon.go.link/destination=qrscan_storecode?adj_t=1ghpmxty&adj_label=&store_code=0000046790,https://www.aeon.com/aeonapp/campaign/202512_newentry50_LP/066sakata.html
67,,イオンタウン周南,shunan,067,067shunan.html,https://iaeon.go.link/destination=qrscan_storecode?adj_t=1ghpmxty&adj_label=&store_code=0000058340,https://www.aeon.com/aeonapp/campaign/202512_newentry50_LP/067shunan.html
68,,イオンタウン周南久米,shunankume,068,068shunankume.html,https://iaeon.go.link/destination=qrscan_storecode?adj_t=1ghpmxty&adj_label=&store_code=0000021240,https://www.aeon.com/aeonapp/campaign/202512_newentry50_LP/068shunankume.html
69,,イオンタウン小郡,chiigun,069,069chiigun.html,https://iaeon.go.link/destination=qrscan_storecode?adj_t=1ghpmxty&adj_label=&store_code=0000056920,https://www.aeon.com/aeonapp/campaign/202512_newentry50_LP/069chiigun.html
70,,イオンタウン小坂,kosaka,070,070kosaka.html,https://iaeon.go.link/destination=qrscan_storecode?adj_t=1ghpmxty&adj_label=&store_code=0000059880,https://www.aeon.com/aeonapp/campaign/202512_newentry50_LP/070kosaka.html
71,,イオンタウン松ケ崎,matsugasaki,071,071matsugasaki.html,https://iaeon.go.link/destination=qrscan_storecode?adj_t=1ghpmxty&adj_label=&store_code=0000031990,https://www.aeon.com/aeonapp/campaign/202512_newentry50_LP/071matsugasaki.html
72,,イオンタウン松原,matsubara,072,072matsubara.html,https://iaeon.go.link/destination=qrscan_storecode?adj_t=1ghpmxty&adj_label=&store_code=0000161450,https://www.aeon.com/aeonapp/campaign/202512_newentry50_LP/072matsubara.html
73,,イオンタウン松阪船江,matsuzakafunae,073,073matsuzakafunae.html,https://iaeon.go.link/destination=qrscan_storecode?adj_t=1ghpmxty&adj_label=&store_code=0000161440,https://www.aeon.com/aeonapp/campaign/202512_newentry50_LP/073matsuzakafunae.html
74,,イオンタウン松本村井,matsumotomurai,074,074matsumotomurai.html,https://iaeon.go.link/destination=qrscan_storecode?adj_t=1ghpmxty&adj_label=&store_code=0000031950,https://www.aeon.com/aeonapp/campaign/202512_newentry50_LP/074matsumotomurai.html
75,,イオンタウン上坂,uesaka,075,075uesaka.html,https://iaeon.go.link/destination=qrscan_storecode?adj_t=1ghpmxty&adj_label=&store_code=0000056930,https://www.aeon.com/aeonapp/campaign/202512_newentry50_LP/075uesaka.html
76,,イオンタウン上飯野,kamiiino,076,076kamiiino.html,https://iaeon.go.link/destination=qrscan_storecode?adj_t=1ghpmxty&adj_label=&store_code=0000025970,https://www.aeon.com/aeonapp/campaign/202512_newentry50_LP/076kamiiino.html
77,,イオンタウン上里,kamizato,077,077kamizato.html,https://iaeon.go.link/destination=qrscan_storecode?adj_t=1ghpmxty&adj_label=&store_code=0000085120,https://www.aeon.com/aeonapp/campaign/202512_newentry50_LP/077kamizato.html
78,,イオンタウン信州山形,shinshuyamagata,078,078shinshuyamagata.html,https://iaeon.go.link/destination=qrscan_storecode?adj_t=1ghpmxty&adj_label=&store_code=0000029710,https://www.aeon.com/aeonapp/campaign/202512_newentry50_LP/078shinshuyamagata.html
79,,イオンタウン新船橋,shinfunabashi,079,079shinfunabashi.html,https://iaeon.go.link/destination=qrscan_storecode?adj_t=1ghpmxty&adj_label=&store_code=0000092970,https://www.aeon.com/aeonapp/campaign/202512_newentry50_LP/079shinfunabashi.html
80,,イオンタウン真岡,maoka,080,080maoka.html,https://iaeon.go.link/destination=qrscan_storecode?adj_t=1ghpmxty&adj_label=&store_code=0000013230,https://www.aeon.com/aeonapp/campaign/202512_newentry50_LP/080maoka.html
81,,イオンタウン諏訪の森,suwanomori,081,081suwanomori.html,https://iaeon.go.link/destination=qrscan_storecode?adj_t=1ghpmxty&adj_label=&store_code=0000082650,https://www.aeon.com/aeonapp/campaign/202512_newentry50_LP/081suwanomori.html
82,,イオンタウン須賀川,sukagawa,082,082sukagawa.html,https://iaeon.go.link/destination=qrscan_storecode?adj_t=1ghpmxty&adj_label=&store_code=0000057440,https://www.aeon.com/aeonapp/campaign/202512_newentry50_LP/082sukagawa.html
83,,イオンタウン水戸南,mitominami,083,083mitominami.html,https://iaeon.go.link/destination=qrscan_storecode?adj_t=1ghpmxty&adj_label=&store_code=0000057930,https://www.aeon.com/aeonapp/campaign/202512_newentry50_LP/083mitominami.html
84,,イオンタウン成田富里,naritatomisato,084,084naritatomisato.html,https://iaeon.go.link/destination=qrscan_storecode?adj_t=1ghpmxty&adj_label=&store_code=0000055760,https://www.aeon.com/aeonapp/campaign/202512_newentry50_LP/084naritatomisato.html
85,,イオンタウン盛岡駅前,moriokaekimae,085,085moriokaekimae.html,https://iaeon.go.link/destination=qrscan_storecode?adj_t=1ghpmxty&adj_label=&store_code=0000043630,https://www.aeon.com/aeonapp/campaign/202512_newentry50_LP/085moriokaekimae.html
86,,イオンタウン西熊本,nishikumamoto,086,086nishikumamoto.html,https://iaeon.go.link/destination=qrscan_storecode?adj_t=1ghpmxty&adj_label=&store_code=0000058380,https://www.aeon.com/aeonapp/campaign/202512_newentry50_LP/086nishikumamoto.html
87,,イオンタウン青森東,aomorihigashi,087,087aomorihigashi.html,https://iaeon.go.link/destination=qrscan_storecode?adj_t=1ghpmxty&adj_label=&store_code=0000046690,https://www.aeon.com/aeonapp/campaign/202512_newentry50_LP/087aomorihigashi.html
88,,イオンタウン青森浜田,aomorihamada,088,088aomorihamada.html,https://iaeon.go.link/destination=qrscan_storecode?adj_t=1ghpmxty&adj_label=&store_code=0000016480,https://www.aeon.com/aeonapp/campaign/202512_newentry50_LP/088aomorihamada.html
89,,イオンタウン仙台郡山,sendaikooriyama,089,089sendaikooriyama.html,https://iaeon.go.link/destination=qrscan_storecode?adj_t=1ghpmxty&adj_label=&store_code=0000085020,https://www.aeon.com/aeonapp/campaign/202512_newentry50_LP/089sendaikooriyama.html
90,,イオンタウン仙台泉大沢,sendaiizumioosawa,090,090sendaiizumioosawa.html,https://iaeon.go.link/destination=qrscan_storecode?adj_t=1ghpmxty&adj_label=&store_code=0000086320,https://www.aeon.com/aeonapp/campaign/202512_newentry50_LP/090sendaiizumioosawa.html
91,,イオンタウン仙台八乙女,sendaiyaotome,091,091sendaiyaotome.html,https://iaeon.go.link/destination=qrscan_storecode?adj_t=1ghpmxty&adj_label=&store_code=0000043610,https://www.aeon.com/aeonapp/campaign/202512_newentry50_LP/091sendaiyaotome.html
92,,イオンタウン仙台富沢,sendaitomisawa,092,092sendaitomisawa.html,https://iaeon.go.link/destination=qrscan_storecode?adj_t=1ghpmxty&adj_label=&store_code=0000021810,https://www.aeon.com/aeonapp/campaign/202512_newentry50_LP/092sendaitomisawa.html
93,,イオンタウン千種,chigusa,093,093chigusa.html,https://iaeon.go.link/destination=qrscan_storecode?adj_t=1ghpmxty&adj_label=&store_code=0000043700,https://www.aeon.com/aeonapp/campaign/202512_newentry50_LP/093chigusa.html
94,,イオンタウン川西,kawanishi,094,094kawanishi.html,https://iaeon.go.link/destination=qrscan_storecode?adj_t=1ghpmxty&adj_label=&store_code=0000055510,https://www.aeon.com/aeonapp/campaign/202512_newentry50_LP/094kawanishi.html
95,,イオンタウン川之江,kawanoe,095,095kawanoe.html,https://iaeon.go.link/destination=qrscan_storecode?adj_t=1ghpmxty&adj_label=&store_code=0000316300,https://www.aeon.com/aeonapp/campaign/202512_newentry50_LP/095kawanoe.html
96,,イオンタウン早岐,haiki,096,096haiki.html,https://iaeon.go.link/destination=qrscan_storecode?adj_t=1ghpmxty&adj_label=&store_code=0000057320,https://www.aeon.com/aeonapp/campaign/202512_newentry50_LP/096haiki.html
97,,イオンタウン大垣,oogaki,097,097oogaki.html,https://iaeon.go.link/destination=qrscan_storecode?adj_t=1ghpmxty&adj_label=&store_code=0000057400,https://www.aeon.com/aeonapp/campaign/202512_newentry50_LP/097oogaki.html
98,,イオンタウン大館西,oodatenishi,098,098oodatenishi.html,https://iaeon.go.link/destination=qrscan_storecode?adj_t=1ghpmxty&adj_label=&store_code=0000046710,https://www.aeon.com/aeonapp/campaign/202512_newentry50_LP/098oodatenishi.html
99,,イオンタウン大曲福田,oomagarifukuda,099,099oomagarifukuda.html,https://iaeon.go.link/destination=qrscan_storecode?adj_t=1ghpmxty&adj_label=&store_code=0000020820,https://www.aeon.com/aeonapp/campaign/202512_newentry50_LP/099oomagarifukuda.html
100,,イオンタウン大須賀,oosuga,100,100oosuga.html,https://iaeon.go.link/destination=qrscan_storecode?adj_t=1ghpmxty&adj_label=&store_code=0000046900,https://www.aeon.com/aeonapp/campaign/202512_newentry50_LP/100oosuga.html
101,,イオンタウン大田,oota,101,101oota.html,https://iaeon.go.link/destination=qrscan_storecode?adj_t=1ghpmxty&adj_label=&store_code=0000056890,https://www.aeon.com/aeonapp/campaign/202512_newentry50_LP/101oota.html
102,,イオンタウン鷹巣,takanosu,102,102takanosu.html,https://iaeon.go.link/destination=qrscan_storecode?adj_t=1ghpmxty&adj_label=&store_code=0000020810,https://www.aeon.com/aeonapp/campaign/202512_newentry50_LP/102takanosu.html
103,,イオンタウン長野三輪,naganomiwa,103,103naganomiwa.html,https://iaeon.go.link/destination=qrscan_storecode?adj_t=1ghpmxty&adj_label=&store_code=0000026320,https://www.aeon.com/aeonapp/campaign/202512_newentry50_LP/103naganomiwa.html
104,,イオンタウン長与,nagayo,104,104nagayo.html,https://iaeon.go.link/destination=qrscan_storecode?adj_t=1ghpmxty&adj_label=&store_code=0000021260,https://www.aeon.com/aeonapp/campaign/202512_newentry50_LP/104nagayo.html
105,,イオンタウン津河芸,tsukawage,105,105tsukawage.html,https://iaeon.go.link/destination=qrscan_storecode?adj_t=1ghpmxty&adj_label=&store_code=0000013260,https://www.aeon.com/aeonapp/campaign/202512_newentry50_LP/105tsukawage.html
106,,イオンタウン津城山,tsushiroyama,106,106tsushiroyama.html,https://iaeon.go.link/destination=qrscan_storecode?adj_t=1ghpmxty&adj_label=&store_code=0000061160,https://www.aeon.com/aeonapp/campaign/202512_newentry50_LP/106tsushiroyama.html
107,,イオンタウン天理,tenri,107,107tenri.html,https://iaeon.go.link/destination=qrscan_storecode?adj_t=1ghpmxty&adj_label=&store_code=0000091350,https://www.aeon.com/aeonapp/campaign/202512_newentry50_LP/107tenri.html
108,,イオンタウン田崎,tasaki,108,108tasaki.html,https://iaeon.go.link/destination=qrscan_storecode?adj_t=1ghpmxty&adj_label=&store_code=0000005430,https://www.aeon.com/aeonapp/campaign/202512_newentry50_LP/108tasaki.html
109,,イオンタウン田無芝久保,tanashishibakubo,109,109tanashishibakubo.html,https://iaeon.go.link/destination=qrscan_storecode?adj_t=1ghpmxty&adj_label=&store_code=0000043640,https://www.aeon.com/aeonapp/campaign/202512_newentry50_LP/109tanashishibakubo.html
110,,イオンタウン東習志野,higashinarashino,110,110higashinarashino.html,https://iaeon.go.link/destination=qrscan_storecode?adj_t=1ghpmxty&adj_label=&store_code=0000043650,https://www.aeon.com/aeonapp/campaign/202512_newentry50_LP/110higashinarashino.html
111,,イオンタウン東大阪,higashioosaka,111,111higashioosaka.html,https://iaeon.go.link/destination=qrscan_storecode?adj_t=1ghpmxty&adj_label=&store_code=0000058320,https://www.aeon.com/aeonapp/campaign/202512_newentry50_LP/111higashioosaka.html
112,,イオンタウン那須,nasu,112,112nasu.html,https://iaeon.go.link/destination=qrscan_storecode?adj_t=1ghpmxty&adj_label=&store_code=0000031240,https://www.aeon.com/aeonapp/campaign/202512_newentry50_LP/112nasu.html
113,,イオンタウン那須塩原,nasushiobara,113,113nasushiobara.html,https://iaeon.go.link/destination=qrscan_storecode?adj_t=1ghpmxty&adj_label=&store_code=0000013240,https://www.aeon.com/aeonapp/campaign/202512_newentry50_LP/113nasushiobara.html
114,,イオンタウン南城大里,nanjo_ozato,114,114nanjo_ozato.html,https://iaeon.go.link/destination=qrscan_storecode?adj_t=1ghpmxty&adj_label=&store_code=0000016990,https://www.aeon.com/aeonapp/campaign/202512_newentry50_LP/114nanjo_ozato.html
115,,イオンタウン日向,hinata,115,115hinata.html,https://iaeon.go.link/destination=qrscan_storecode?adj_t=1ghpmxty&adj_label=&store_code=0000057380,https://www.aeon.com/aeonapp/campaign/202512_newentry50_LP/115hinata.html
116,,イオンタウン熱田千年,atsutasennen,116,116atsutasennen.html,https://iaeon.go.link/destination=qrscan_storecode?adj_t=1ghpmxty&adj_label=&store_code=0000005440,https://www.aeon.com/aeonapp/campaign/202512_newentry50_LP/116atsutasennen.html
117,,イオンタウン能代,noshiro,117,117noshiro.html,https://iaeon.go.link/destination=qrscan_storecode?adj_t=1ghpmxty&adj_label=&store_code=0000317890,https://www.aeon.com/aeonapp/campaign/202512_newentry50_LP/117noshiro.html
118,,イオンタウン八戸城下,hachinoheshiroshita,118,118hachinoheshiroshita.html,https://iaeon.go.link/destination=qrscan_storecode?adj_t=1ghpmxty&adj_label=&store_code=0000009850,https://www.aeon.com/aeonapp/campaign/202512_newentry50_LP/118hachinoheshiroshita.html
119,,イオンタウン磐田,iwata,119,119iwata.html,https://iaeon.go.link/destination=qrscan_storecode?adj_t=1ghpmxty&adj_label=&store_code=0000001100,https://www.aeon.com/aeonapp/campaign/202512_newentry50_LP/119iwata.html
120,,イオンタウン美濃,minou,120,120minou.html,https://iaeon.go.link/destination=qrscan_storecode?adj_t=1ghpmxty&adj_label=&store_code=0000020830,https://www.aeon.com/aeonapp/campaign/202512_newentry50_LP/120minou.html
121,,イオンタウン彦根,hikone,121,121hikone.html,https://iaeon.go.link/destination=qrscan_storecode?adj_t=1ghpmxty&adj_label=&store_code=0000093540,https://www.aeon.com/aeonapp/campaign/202512_newentry50_LP/121hikone.html
122,,イオンタウン姫路,himeji,122,122himeji.html,https://iaeon.go.link/destination=qrscan_storecode?adj_t=1ghpmxty&adj_label=&store_code=0000058420,https://www.aeon.com/aeonapp/campaign/202512_newentry50_LP/122himeji.html
123,,イオンタウン氷見,himi,123,123himi.html,https://iaeon.go.link/destination=qrscan_storecode?adj_t=1ghpmxty&adj_label=&store_code=0000025470,https://www.aeon.com/aeonapp/campaign/202512_newentry50_LP/123himi.html
124,,イオンタウン浜岡,hamaoka,124,124hamaoka.html,https://iaeon.go.link/destination=qrscan_storecode?adj_t=1ghpmxty&adj_label=&store_code=0000001120,https://www.aeon.com/aeonapp/campaign/202512_newentry50_LP/124hamaoka.html
125,,イオンタウン浜松葵,hamamatsuaoi,125,125hamamatsuaoi.html,https://iaeon.go.link/destination=qrscan_storecode?adj_t=1ghpmxty&adj_label=&store_code=0000046870,https://www.aeon.com/aeonapp/campaign/202512_newentry50_LP/125hamamatsuaoi.html
126,,イオンタウン浜松新橋,hamamatsushinbashi,126,126hamamatsushinbashi.html,https://iaeon.go.link/destination=qrscan_storecode?adj_t=1ghpmxty&adj_label=&store_code=0000319250,https://www.aeon.com/aeonapp/campaign/202512_newentry50_LP/126hamamatsushinbashi.html
127,,イオンタウン富士南,fujiminami,127,127fujiminami.html,https://iaeon.go.link/destination=qrscan_storecode?adj_t=1ghpmxty&adj_label=&store_code=0000085170,https://www.aeon.com/aeonapp/campaign/202512_newentry50_LP/127fujiminami.html
128,,イオンタウン富雄南,tomiominami,128,128tomiominami.html,https://iaeon.go.link/destination=qrscan_storecode?adj_t=1ghpmxty&adj_label=&store_code=0000005410,https://www.aeon.com/aeonapp/campaign/202512_newentry50_LP/128tomiominami.html
129,,イオンタウン平賀,hiraga,129,129hiraga.html,https://iaeon.go.link/destination=qrscan_storecode?adj_t=1ghpmxty&adj_label=&store_code=0000020800,https://www.aeon.com/aeonapp/campaign/202512_newentry50_LP/129hiraga.html
130,,イオンタウン平生,hirau,130,130hirau.html,https://iaeon.go.link/destination=qrscan_storecode?adj_t=1ghpmxty&adj_label=&store_code=0000056910,https://www.aeon.com/aeonapp/campaign/202512_newentry50_LP/130hirau.html
131,,イオンタウン豊橋橋良,toyohashibashiyo,131,131toyohashibashiyo.html,https://iaeon.go.link/destination=qrscan_storecode?adj_t=1ghpmxty&adj_label=&store_code=0000085080,https://www.aeon.com/aeonapp/campaign/202512_newentry50_LP/131toyohashibashiyo.html
132,,イオンタウン豊後高田,toyogotakada,132,132toyogotakada.html,https://iaeon.go.link/destination=qrscan_storecode?adj_t=1ghpmxty&adj_label=&store_code=0000057340,https://www.aeon.com/aeonapp/campaign/202512_newentry50_LP/132toyogotakada.html
133,,イオンタウン豊中庄内,toyonakashonai,133,133toyonakashonai.html,https://iaeon.go.link/destination=qrscan_storecode?adj_t=1ghpmxty&adj_label=&store_code=0000390580,https://www.aeon.com/aeonapp/campaign/202512_newentry50_LP/133toyonakashonai.html
134,,イオンタウン豊中緑ヶ丘,toyonakamidorigaoka,134,134toyonakamidorigaoka.html,https://iaeon.go.link/destination=qrscan_storecode?adj_t=1ghpmxty&adj_label=&store_code=0000059910,https://www.aeon.com/aeonapp/campaign/202512_newentry50_LP/134toyonakamidorigaoka.html
135,,イオンタウン防府,houfu,135,135houfu.html,https://iaeon.go.link/destination=qrscan_storecode?adj_t=1ghpmxty&adj_label=&store_code=0000058280,https://www.aeon.com/aeonapp/campaign/202512_newentry50_LP/135houfu.html
136,,イオンタウン北上,kitagami,136,136kitagami.html,https://iaeon.go.link/destination=qrscan_storecode?adj_t=1ghpmxty&adj_label=&store_code=0000046720,https://www.aeon.com/aeonapp/campaign/202512_newentry50_LP/136kitagami.html
137,,イオンタウン北島,kitajima,137,137kitajima.html,https://iaeon.go.link/destination=qrscan_storecode?adj_t=1ghpmxty&adj_label=&store_code=0000056940,https://www.aeon.com/aeonapp/campaign/202512_newentry50_LP/137kitajima.html
138,,イオンタウン本巣,honsu,138,138honsu.html,https://iaeon.go.link/destination=qrscan_storecode?adj_t=1ghpmxty&adj_label=&store_code=0000021270,https://www.aeon.com/aeonapp/campaign/202512_newentry50_LP/138honsu.html
139,,イオンタウン幕張西,makuharinishi,139,139makuharinishi.html,https://iaeon.go.link/destination=qrscan_storecode?adj_t=1ghpmxty&adj_label=&store_code=0000396040,https://www.aeon.com/aeonapp/campaign/202512_newentry50_LP/139makuharinishi.html
140,,イオンタウン名取,natori,140,140natori.html,https://iaeon.go.link/destination=qrscan_storecode?adj_t=1ghpmxty&adj_label=&store_code=0000043620,https://www.aeon.com/aeonapp/campaign/202512_newentry50_LP/140natori.html
141,,イオンタウン名西,meisei,141,141meisei.html,https://iaeon.go.link/destination=qrscan_storecode?adj_t=1ghpmxty&adj_label=&store_code=0000067150,https://www.aeon.com/aeonapp/campaign/202512_newentry50_LP/141meisei.html
142,,イオンタウン毛呂山,keroyama,142,142keroyama.html,https://iaeon.go.link/destination=qrscan_storecode?adj_t=1ghpmxty&adj_label=&store_code=0000318240,https://www.aeon.com/aeonapp/campaign/202512_newentry50_LP/142keroyama.html
143,,イオンタウン木更津請西,kisarazu,143,143kisarazu.html,https://iaeon.go.link/destination=qrscan_storecode?adj_t=1ghpmxty&adj_label=&store_code=0000058410,https://www.aeon.com/aeonapp/campaign/202512_newentry50_LP/143kisarazu.html
144,,イオンタウン木更津朝日,kisarazuasahi,144,144kisarazuasahi.html,https://iaeon.go.link/destination=qrscan_storecode?adj_t=1ghpmxty&adj_label=&store_code=0000041920,https://www.aeon.com/aeonapp/campaign/202512_newentry50_LP/144kisarazuasahi.html
145,,イオンタウン野洲,yasu,145,145yasu.html,https://iaeon.go.link/destination=qrscan_storecode?adj_t=1ghpmxty&adj_label=&store_code=0000013270,https://www.aeon.com/aeonapp/campaign/202512_newentry50_LP/145yasu.html
146,,イオンタウン野田七光台,nodananahikadai,146,146nodananahikadai.html,https://iaeon.go.link/destination=qrscan_storecode?adj_t=1ghpmxty&adj_label=&store_code=0000046850,https://www.aeon.com/aeonapp/campaign/202512_newentry50_LP/146nodananahikadai.html
147,,イオンタウン野々市,nonoichi,147,147nonoichi.html,https://iaeon.go.link/destination=qrscan_storecode?adj_t=1ghpmxty&adj_label=&store_code=0000005350,https://www.aeon.com/aeonapp/campaign/202512_newentry50_LP/147nonoichi.html
148,,イオンタウン弥冨,yatomi,148,148yatomi.html,https://iaeon.go.link/destination=qrscan_storecode?adj_t=1ghpmxty&adj_label=&store_code=0000091290,https://www.aeon.com/aeonapp/campaign/202512_newentry50_LP/148yatomi.html
149,,イオンタウン矢本,yamoto,149,149yamoto.html,https://iaeon.go.link/destination=qrscan_storecode?adj_t=1ghpmxty&adj_label=&store_code=0000046780,https://www.aeon.com/aeonapp/campaign/202512_newentry50_LP/149yamoto.html
150,,イオンタウン有松,arimatsu,150,150arimatsu.html,https://iaeon.go.link/destination=qrscan_storecode?adj_t=1ghpmxty&adj_label=&store_code=0000043690,https://www.aeon.com/aeonapp/campaign/202512_newentry50_LP/150arimatsu.html
151,,イオンタウン淀川三国,yodogawamikuni,151,151yodogawamikuni.html,https://iaeon.go.link/destination=qrscan_storecode?adj_t=1ghpmxty&adj_label=&store_code=0000097540,https://www.aeon.com/aeonapp/campaign/202512_newentry50_LP/151yodogawamikuni.html
152,,イオンタウン鈴鹿,suzuka,152,152suzuka.html,https://iaeon.go.link/destination=qrscan_storecode?adj_t=1ghpmxty&adj_label=&store_code=0000057960,https://www.aeon.com/aeonapp/campaign/202512_newentry50_LP/152suzuka.html
153,,イオンタウン鈴鹿玉垣,suzukatamagaki,153,153suzukatamagaki.html,https://iaeon.go.link/destination=qrscan_storecode?adj_t=1ghpmxty&adj_label=&store_code=0000021190,https://www.aeon.com/aeonapp/campaign/202512_newentry50_LP/153suzukatamagaki.html
154,,イオンタウン浪岡,namioka,154,154namioka.html,https://iaeon.go.link/destination=qrscan_storecode?adj_t=1ghpmxty&adj_label=&store_code=0000012590,https://www.aeon.com/aeonapp/campaign/202512_newentry50_LP/154namioka.html
155,,イオンタウン和気,waki,155,155waki.html,https://iaeon.go.link/destination=qrscan_storecode?adj_t=1ghpmxty&adj_label=&store_code=0000056860,https://www.aeon.com/aeonapp/campaign/202512_newentry50_LP/155waki.html
156,,イオンタウン蕨,warabi,156,156warabi.html,https://iaeon.go.link/destination=qrscan_storecode?adj_t=1ghpmxty&adj_label=&store_code=0000043660,https://www.aeon.com/aeonapp/campaign/202512_newentry50_LP/156warabi.html
157,,イオンタウン諫早西部台,isahayaseibudai,157,157isahayaseibudai.html,https://iaeon.go.link/destination=qrscan_storecode?adj_t=1ghpmxty&adj_label=&store_code=0000381780,https://www.aeon.com/aeonapp/campaign/202512_newentry50_LP/157isahayaseibudai.html
158,,野田船形ショッピングセンター,nodafunakata,158,158nodafunakata.html,https://iaeon.go.link/destination=qrscan_storecode?adj_t=1ghpmxty&adj_label=&store_code=0000067140,https://www.aeon.com/aeonapp/campaign/202512_newentry50_LP/158nodafunakata.html
159,,矢巾ショッピングセンター,yahaba,159,159yahaba.html,https://iaeon.go.link/destination=qrscan_storecode?adj_t=1ghpmxty&adj_label=&store_code=0000009790,https://www.aeon.com/aeonapp/campaign/202512_newentry50_LP/159yahaba.html
