CSCストアコード,都道府県,店舗名,お気に入り店舗QRのURL
KAS1000020,茨城県,カスミ並木店,https://iaeon.go.link/destination=qrscan_storecode?adj_t=1ghpmxty&adj_label=&store_code=KAS1000020
KAS1000050,茨城県,カスミ龍ケ岡店,https://iaeon.go.link/destination=qrscan_storecode?adj_t=1ghpmxty&adj_label=&store_code=KAS1000050
KAS1000120,茨城県,カスミ筑波店,https://iaeon.go.link/destination=qrscan_storecode?adj_t=1ghpmxty&adj_label=&store_code=KAS1000120
KAS1000150,茨城県,カスミ岩瀬店,https://iaeon.go.link/destination=qrscan_storecode?adj_t=1ghpmxty&adj_label=&store_code=KAS1000150
KAS1000160,茨城県,カスミ神栖店,https://iaeon.go.link/destination=qrscan_storecode?adj_t=1ghpmxty&adj_label=&store_code=KAS1000160
KAS1000230,茨城県,カスミ中村店,https://iaeon.go.link/destination=qrscan_storecode?adj_t=1ghpmxty&adj_label=&store_code=KAS1000230
KAS1000270,千葉県,カスミ湖北店,https://iaeon.go.link/destination=qrscan_storecode?adj_t=1ghpmxty&adj_label=&store_code=KAS1000270
KAS2000290,茨城県,フードオフストッカー佐貫店,https://iaeon.go.link/destination=qrscan_storecode?adj_t=1ghpmxty&adj_label=&store_code=KAS2000290
KAS1000380,茨城県,カスミ波崎店,https://iaeon.go.link/destination=qrscan_storecode?adj_t=1ghpmxty&adj_label=&store_code=KAS1000380
KAS1000390,茨城県,カスミ阿見店,https://iaeon.go.link/destination=qrscan_storecode?adj_t=1ghpmxty&adj_label=&store_code=KAS1000390
KAS1000410,茨城県,カスミ取手店,https://iaeon.go.link/destination=qrscan_storecode?adj_t=1ghpmxty&adj_label=&store_code=KAS1000410
KAS2000430,埼玉県,フードオフストッカー鴻巣店,https://iaeon.go.link/destination=qrscan_storecode?adj_t=1ghpmxty&adj_label=&store_code=KAS2000430
KAS1000440,茨城県,カスミ友部店,https://iaeon.go.link/destination=qrscan_storecode?adj_t=1ghpmxty&adj_label=&store_code=KAS1000440
KAS2000450,茨城県,フードオフストッカー石岡東店,https://iaeon.go.link/destination=qrscan_storecode?adj_t=1ghpmxty&adj_label=&store_code=KAS2000450
KAS2000490,茨城県,フードオフストッカー守谷店,https://iaeon.go.link/destination=qrscan_storecode?adj_t=1ghpmxty&adj_label=&store_code=KAS2000490
KAS1000510,茨城県,カスミ古河店,https://iaeon.go.link/destination=qrscan_storecode?adj_t=1ghpmxty&adj_label=&store_code=KAS1000510
KAS2000530,茨城県,フードオフストッカー牛久柏田店,https://iaeon.go.link/destination=qrscan_storecode?adj_t=1ghpmxty&adj_label=&store_code=KAS2000530
KAS1000540,埼玉県,カスミ鷲宮店,https://iaeon.go.link/destination=qrscan_storecode?adj_t=1ghpmxty&adj_label=&store_code=KAS1000540
KAS1000550,茨城県,カスミ佐和店,https://iaeon.go.link/destination=qrscan_storecode?adj_t=1ghpmxty&adj_label=&store_code=KAS1000550
KAS1000570,埼玉県,カスミ春日部藤塚店,https://iaeon.go.link/destination=qrscan_storecode?adj_t=1ghpmxty&adj_label=&store_code=KAS1000570
KAS1000580,茨城県,カスミ藤代店,https://iaeon.go.link/destination=qrscan_storecode?adj_t=1ghpmxty&adj_label=&store_code=KAS1000580
KAS1000600,茨城県,カスミ牛久店,https://iaeon.go.link/destination=qrscan_storecode?adj_t=1ghpmxty&adj_label=&store_code=KAS1000600
KAS1000620,群馬県,カスミ館林店,https://iaeon.go.link/destination=qrscan_storecode?adj_t=1ghpmxty&adj_label=&store_code=KAS1000620
KAS1000650,栃木県,カスミ二宮店,https://iaeon.go.link/destination=qrscan_storecode?adj_t=1ghpmxty&adj_label=&store_code=KAS1000650
KAS1000660,茨城県,カスミ学園店,https://iaeon.go.link/destination=qrscan_storecode?adj_t=1ghpmxty&adj_label=&store_code=KAS1000660
KAS1000670,茨城県,カスミ日立豊浦店,https://iaeon.go.link/destination=qrscan_storecode?adj_t=1ghpmxty&adj_label=&store_code=KAS1000670
KAS2000700,埼玉県,フードオフストッカー三郷店,https://iaeon.go.link/destination=qrscan_storecode?adj_t=1ghpmxty&adj_label=&store_code=KAS2000700
KAS1000710,群馬県,カスミ大泉店,https://iaeon.go.link/destination=qrscan_storecode?adj_t=1ghpmxty&adj_label=&store_code=KAS1000710
KAS1000720,茨城県,カスミ舟石川店,https://iaeon.go.link/destination=qrscan_storecode?adj_t=1ghpmxty&adj_label=&store_code=KAS1000720
KAS1000770,茨城県,カスミ土浦ピアタウン店,https://iaeon.go.link/destination=qrscan_storecode?adj_t=1ghpmxty&adj_label=&store_code=KAS1000770
KAS1000780,茨城県,カスミ那珂店,https://iaeon.go.link/destination=qrscan_storecode?adj_t=1ghpmxty&adj_label=&store_code=KAS1000780
KAS1000800,茨城県,カスミ八千代店,https://iaeon.go.link/destination=qrscan_storecode?adj_t=1ghpmxty&adj_label=&store_code=KAS1000800
KAS1000820,千葉県,カスミ茂原店,https://iaeon.go.link/destination=qrscan_storecode?adj_t=1ghpmxty&adj_label=&store_code=KAS1000820
KAS1000850,茨城県,カスミ高津店,https://iaeon.go.link/destination=qrscan_storecode?adj_t=1ghpmxty&adj_label=&store_code=KAS1000850
KAS1000900,茨城県,カスミ八郷店,https://iaeon.go.link/destination=qrscan_storecode?adj_t=1ghpmxty&adj_label=&store_code=KAS1000900
KAS1000910,茨城県,カスミ高萩店,https://iaeon.go.link/destination=qrscan_storecode?adj_t=1ghpmxty&adj_label=&store_code=KAS1000910
KAS1000920,茨城県,カスミ常陸大宮店,https://iaeon.go.link/destination=qrscan_storecode?adj_t=1ghpmxty&adj_label=&store_code=KAS1000920
KAS1000930,茨城県,カスミひたち野牛久店,https://iaeon.go.link/destination=qrscan_storecode?adj_t=1ghpmxty&adj_label=&store_code=KAS1000930
KAS1000940,埼玉県,カスミ花崎店,https://iaeon.go.link/destination=qrscan_storecode?adj_t=1ghpmxty&adj_label=&store_code=KAS1000940
KAS1000960,茨城県,カスミ協和店,https://iaeon.go.link/destination=qrscan_storecode?adj_t=1ghpmxty&adj_label=&store_code=KAS1000960
KAS1000980,千葉県,カスミ東郷店,https://iaeon.go.link/destination=qrscan_storecode?adj_t=1ghpmxty&adj_label=&store_code=KAS1000980
KAS1000990,茨城県,カスミ結城店,https://iaeon.go.link/destination=qrscan_storecode?adj_t=1ghpmxty&adj_label=&store_code=KAS1000990
KAS1001000,茨城県,カスミ下妻店,https://iaeon.go.link/destination=qrscan_storecode?adj_t=1ghpmxty&adj_label=&store_code=KAS1001000
KAS1001020,茨城県,カスミ鉾田店,https://iaeon.go.link/destination=qrscan_storecode?adj_t=1ghpmxty&adj_label=&store_code=KAS1001020
KAS1001060,群馬県,カスミ大間々店,https://iaeon.go.link/destination=qrscan_storecode?adj_t=1ghpmxty&adj_label=&store_code=KAS1001060
KAS1001110,茨城県,カスミ那珂湊店,https://iaeon.go.link/destination=qrscan_storecode?adj_t=1ghpmxty&adj_label=&store_code=KAS1001110
KAS1001150,茨城県,カスミ大穂店,https://iaeon.go.link/destination=qrscan_storecode?adj_t=1ghpmxty&adj_label=&store_code=KAS1001150
KAS2001180,埼玉県,フードオフストッカー吹上店,https://iaeon.go.link/destination=qrscan_storecode?adj_t=1ghpmxty&adj_label=&store_code=KAS2001180
KAS1001260,埼玉県,カスミ妻沼店,https://iaeon.go.link/destination=qrscan_storecode?adj_t=1ghpmxty&adj_label=&store_code=KAS1001260
KAS1001280,栃木県,カスミ鹿沼店,https://iaeon.go.link/destination=qrscan_storecode?adj_t=1ghpmxty&adj_label=&store_code=KAS1001280
KAS1001310,千葉県,カスミ八街店,https://iaeon.go.link/destination=qrscan_storecode?adj_t=1ghpmxty&adj_label=&store_code=KAS1001310
KAS1001320,千葉県,カスミ銚子松岸店,https://iaeon.go.link/destination=qrscan_storecode?adj_t=1ghpmxty&adj_label=&store_code=KAS1001320
KAS1001330,埼玉県,カスミ白岡店,https://iaeon.go.link/destination=qrscan_storecode?adj_t=1ghpmxty&adj_label=&store_code=KAS1001330
KAS1001410,栃木県,カスミ壬生店,https://iaeon.go.link/destination=qrscan_storecode?adj_t=1ghpmxty&adj_label=&store_code=KAS1001410
KAS2001420,茨城県,フードオフストッカー元吉田店,https://iaeon.go.link/destination=qrscan_storecode?adj_t=1ghpmxty&adj_label=&store_code=KAS2001420
KAS1001430,埼玉県,カスミイール妻沼店,https://iaeon.go.link/destination=qrscan_storecode?adj_t=1ghpmxty&adj_label=&store_code=KAS1001430
KAS2001450,茨城県,フードオフストッカー田尻店,https://iaeon.go.link/destination=qrscan_storecode?adj_t=1ghpmxty&adj_label=&store_code=KAS2001450
KAS1001460,埼玉県,カスミ杉戸店,https://iaeon.go.link/destination=qrscan_storecode?adj_t=1ghpmxty&adj_label=&store_code=KAS1001460
KAS2001470,茨城県,フードオフストッカー常澄店,https://iaeon.go.link/destination=qrscan_storecode?adj_t=1ghpmxty&adj_label=&store_code=KAS2001470
KAS1001490,茨城県,カスミテクノパーク桜店,https://iaeon.go.link/destination=qrscan_storecode?adj_t=1ghpmxty&adj_label=&store_code=KAS1001490
KAS1001500,茨城県,カスミ津田店,https://iaeon.go.link/destination=qrscan_storecode?adj_t=1ghpmxty&adj_label=&store_code=KAS1001500
KAS1001510,千葉県,カスミ三里塚店,https://iaeon.go.link/destination=qrscan_storecode?adj_t=1ghpmxty&adj_label=&store_code=KAS1001510
KAS2001530,茨城県,フードオフストッカー サンモリノ那珂店,https://iaeon.go.link/destination=qrscan_storecode?adj_t=1ghpmxty&adj_label=&store_code=KAS2001530
KAS1001550,千葉県,カスミ八千代大和田店,https://iaeon.go.link/destination=qrscan_storecode?adj_t=1ghpmxty&adj_label=&store_code=KAS1001550
KAS1001570,栃木県,カスミ上三川店,https://iaeon.go.link/destination=qrscan_storecode?adj_t=1ghpmxty&adj_label=&store_code=KAS1001570
KAS2001590,茨城県,フードオフストッカー土浦田中店,https://iaeon.go.link/destination=qrscan_storecode?adj_t=1ghpmxty&adj_label=&store_code=KAS2001590
KAS1001600,茨城県,カスミ水戸見川店,https://iaeon.go.link/destination=qrscan_storecode?adj_t=1ghpmxty&adj_label=&store_code=KAS1001600
KAS1001610,茨城県,カスミ梅園店,https://iaeon.go.link/destination=qrscan_storecode?adj_t=1ghpmxty&adj_label=&store_code=KAS1001610
KAS1001630,千葉県,カスミ南柏駅前店,https://iaeon.go.link/destination=qrscan_storecode?adj_t=1ghpmxty&adj_label=&store_code=KAS1001630
KAS1001640,千葉県,カスミ成田赤坂店,https://iaeon.go.link/destination=qrscan_storecode?adj_t=1ghpmxty&adj_label=&store_code=KAS1001640
KAS1001660,埼玉県,カスミ越谷大袋店,https://iaeon.go.link/destination=qrscan_storecode?adj_t=1ghpmxty&adj_label=&store_code=KAS1001660
KAS1001690,茨城県,カスミ千代田店,https://iaeon.go.link/destination=qrscan_storecode?adj_t=1ghpmxty&adj_label=&store_code=KAS1001690
KAS2001700,埼玉県,フードオフストッカー白岡原ケ井戸店,https://iaeon.go.link/destination=qrscan_storecode?adj_t=1ghpmxty&adj_label=&store_code=KAS2001700
KAS1001710,茨城県,カスミ下館南店,https://iaeon.go.link/destination=qrscan_storecode?adj_t=1ghpmxty&adj_label=&store_code=KAS1001710
KAS1001720,茨城県,カスミ東大沼店,https://iaeon.go.link/destination=qrscan_storecode?adj_t=1ghpmxty&adj_label=&store_code=KAS1001720
KAS1001730,埼玉県,カスミ南越谷店,https://iaeon.go.link/destination=qrscan_storecode?adj_t=1ghpmxty&adj_label=&store_code=KAS1001730
KAS1001740,茨城県,カスミ平須店,https://iaeon.go.link/destination=qrscan_storecode?adj_t=1ghpmxty&adj_label=&store_code=KAS1001740
KAS1001750,千葉県,カスミ原山店,https://iaeon.go.link/destination=qrscan_storecode?adj_t=1ghpmxty&adj_label=&store_code=KAS1001750
KAS1001770,茨城県,カスミ谷井田店,https://iaeon.go.link/destination=qrscan_storecode?adj_t=1ghpmxty&adj_label=&store_code=KAS1001770
KAS1002010,茨城県,カスミ水戸赤塚店,https://iaeon.go.link/destination=qrscan_storecode?adj_t=1ghpmxty&adj_label=&store_code=KAS1002010
KAS1002020,埼玉県,カスミ八潮駅前店,https://iaeon.go.link/destination=qrscan_storecode?adj_t=1ghpmxty&adj_label=&store_code=KAS1002020
KAS1002030,千葉県,カスミ南小川店,https://iaeon.go.link/destination=qrscan_storecode?adj_t=1ghpmxty&adj_label=&store_code=KAS1002030
KAS1002040,茨城県,カスミみどりの駅前店,https://iaeon.go.link/destination=qrscan_storecode?adj_t=1ghpmxty&adj_label=&store_code=KAS1002040
KAS1002050,千葉県,カスミ押堀店,https://iaeon.go.link/destination=qrscan_storecode?adj_t=1ghpmxty&adj_label=&store_code=KAS1002050
KAS1002060,茨城県,カスミ岩間店,https://iaeon.go.link/destination=qrscan_storecode?adj_t=1ghpmxty&adj_label=&store_code=KAS1002060
KAS1002070,埼玉県,カスミ深井店,https://iaeon.go.link/destination=qrscan_storecode?adj_t=1ghpmxty&adj_label=&store_code=KAS1002070
KAS1002090,茨城県,カスミみらい平駅前店,https://iaeon.go.link/destination=qrscan_storecode?adj_t=1ghpmxty&adj_label=&store_code=KAS1002090
KAS1002110,茨城県,カスミ大洋店,https://iaeon.go.link/destination=qrscan_storecode?adj_t=1ghpmxty&adj_label=&store_code=KAS1002110
KAS2002120,茨城県,フードオフストッカー真壁店,https://iaeon.go.link/destination=qrscan_storecode?adj_t=1ghpmxty&adj_label=&store_code=KAS2002120
KAS1002140,千葉県,カスミ八街朝日店,https://iaeon.go.link/destination=qrscan_storecode?adj_t=1ghpmxty&adj_label=&store_code=KAS1002140
KAS1002160,茨城県,カスミ牛久刈谷店,https://iaeon.go.link/destination=qrscan_storecode?adj_t=1ghpmxty&adj_label=&store_code=KAS1002160
KAS1002170,茨城県,カスミ下館店,https://iaeon.go.link/destination=qrscan_storecode?adj_t=1ghpmxty&adj_label=&store_code=KAS1002170
KAS1002180,茨城県,カスミ松ヶ丘店,https://iaeon.go.link/destination=qrscan_storecode?adj_t=1ghpmxty&adj_label=&store_code=KAS1002180
KAS1002190,茨城県,カスミきぬの里店,https://iaeon.go.link/destination=qrscan_storecode?adj_t=1ghpmxty&adj_label=&store_code=KAS1002190
KAS1002210,埼玉県,カスミFSビバモール加須店,https://iaeon.go.link/destination=qrscan_storecode?adj_t=1ghpmxty&adj_label=&store_code=KAS1002210
KAS1002220,茨城県,カスミ鮎川店,https://iaeon.go.link/destination=qrscan_storecode?adj_t=1ghpmxty&adj_label=&store_code=KAS1002220
KAS1002270,栃木県,カスミ浅沼店,https://iaeon.go.link/destination=qrscan_storecode?adj_t=1ghpmxty&adj_label=&store_code=KAS1002270
KAS1002280,茨城県,カスミイオンタウン守谷店,https://iaeon.go.link/destination=qrscan_storecode?adj_t=1ghpmxty&adj_label=&store_code=KAS1002280
KAS1002290,茨城県,カスミ荒川本郷店,https://iaeon.go.link/destination=qrscan_storecode?adj_t=1ghpmxty&adj_label=&store_code=KAS1002290
KAS1002300,茨城県,カスミイオンタウン水戸南店,https://iaeon.go.link/destination=qrscan_storecode?adj_t=1ghpmxty&adj_label=&store_code=KAS1002300
KAS2002320,茨城県,フードオフストッカー下妻東店,https://iaeon.go.link/destination=qrscan_storecode?adj_t=1ghpmxty&adj_label=&store_code=KAS2002320
KAS2002330,茨城県,フードオフストッカー千代川店,https://iaeon.go.link/destination=qrscan_storecode?adj_t=1ghpmxty&adj_label=&store_code=KAS2002330
KAS1002340,茨城県,カスミ笠間店,https://iaeon.go.link/destination=qrscan_storecode?adj_t=1ghpmxty&adj_label=&store_code=KAS1002340
KAS1002360,茨城県,カスミピアシティ石岡中央店,https://iaeon.go.link/destination=qrscan_storecode?adj_t=1ghpmxty&adj_label=&store_code=KAS1002360
KAS1002370,埼玉県,カスミ宮代店,https://iaeon.go.link/destination=qrscan_storecode?adj_t=1ghpmxty&adj_label=&store_code=KAS1002370
KAS1002390,茨城県,カスミ小川店,https://iaeon.go.link/destination=qrscan_storecode?adj_t=1ghpmxty&adj_label=&store_code=KAS1002390
KAS1002400,栃木県,カスミテクノポリス清原店,https://iaeon.go.link/destination=qrscan_storecode?adj_t=1ghpmxty&adj_label=&store_code=KAS1002400
KAS1002420,茨城県,カスミつくばスタイル店,https://iaeon.go.link/destination=qrscan_storecode?adj_t=1ghpmxty&adj_label=&store_code=KAS1002420
KAS1002450,茨城県,カスミ常陸太田店,https://iaeon.go.link/destination=qrscan_storecode?adj_t=1ghpmxty&adj_label=&store_code=KAS1002450
KAS1002460,茨城県,カスミ境店,https://iaeon.go.link/destination=qrscan_storecode?adj_t=1ghpmxty&adj_label=&store_code=KAS1002460
KAS1002470,千葉県,カスミ我孫子寿店,https://iaeon.go.link/destination=qrscan_storecode?adj_t=1ghpmxty&adj_label=&store_code=KAS1002470
KAS1002480,茨城県,カスミ瓜連店,https://iaeon.go.link/destination=qrscan_storecode?adj_t=1ghpmxty&adj_label=&store_code=KAS1002480
KAS2002490,茨城県,フードオフストッカー牛久ししこ店,https://iaeon.go.link/destination=qrscan_storecode?adj_t=1ghpmxty&adj_label=&store_code=KAS2002490
KAS1002510,茨城県,カスミ日立神峰店,https://iaeon.go.link/destination=qrscan_storecode?adj_t=1ghpmxty&adj_label=&store_code=KAS1002510
KAS1002520,千葉県,カスミ流山おおたかの森店,https://iaeon.go.link/destination=qrscan_storecode?adj_t=1ghpmxty&adj_label=&store_code=KAS1002520
KAS1002530,茨城県,カスミ万博記念公園駅前店,https://iaeon.go.link/destination=qrscan_storecode?adj_t=1ghpmxty&adj_label=&store_code=KAS1002530
KAS1002550,茨城県,カスミ馬渡店,https://iaeon.go.link/destination=qrscan_storecode?adj_t=1ghpmxty&adj_label=&store_code=KAS1002550
KAS1002560,千葉県,カスミ千城台店,https://iaeon.go.link/destination=qrscan_storecode?adj_t=1ghpmxty&adj_label=&store_code=KAS1002560
KAS1002570,千葉県,カスミあすみが丘店,https://iaeon.go.link/destination=qrscan_storecode?adj_t=1ghpmxty&adj_label=&store_code=KAS1002570
KAS1002580,埼玉県,カスミ春日部武里店,https://iaeon.go.link/destination=qrscan_storecode?adj_t=1ghpmxty&adj_label=&store_code=KAS1002580
KAS1002590,埼玉県,カスミふじみ野店,https://iaeon.go.link/destination=qrscan_storecode?adj_t=1ghpmxty&adj_label=&store_code=KAS1002590
KAS1002600,栃木県,カスミおもちゃのまち店,https://iaeon.go.link/destination=qrscan_storecode?adj_t=1ghpmxty&adj_label=&store_code=KAS1002600
KAS1002620,千葉県,カスミ匝瑳店,https://iaeon.go.link/destination=qrscan_storecode?adj_t=1ghpmxty&adj_label=&store_code=KAS1002620
KAS1002630,埼玉県,カスミ越谷ツインシティ店,https://iaeon.go.link/destination=qrscan_storecode?adj_t=1ghpmxty&adj_label=&store_code=KAS1002630
KAS1002640,埼玉県,カスミアルコ越谷店,https://iaeon.go.link/destination=qrscan_storecode?adj_t=1ghpmxty&adj_label=&store_code=KAS1002640
KAS1002650,埼玉県,カスミ川口前川店,https://iaeon.go.link/destination=qrscan_storecode?adj_t=1ghpmxty&adj_label=&store_code=KAS1002650
KAS1002660,群馬県,カスミ桐生相生店,https://iaeon.go.link/destination=qrscan_storecode?adj_t=1ghpmxty&adj_label=&store_code=KAS1002660
KAS1002670,千葉県,カスミ柏たなか駅前店,https://iaeon.go.link/destination=qrscan_storecode?adj_t=1ghpmxty&adj_label=&store_code=KAS1002670
KAS1002680,千葉県,カスミ本八幡店,https://iaeon.go.link/destination=qrscan_storecode?adj_t=1ghpmxty&adj_label=&store_code=KAS1002680
KAS1002690,千葉県,カスミ柏中新宿店,https://iaeon.go.link/destination=qrscan_storecode?adj_t=1ghpmxty&adj_label=&store_code=KAS1002690
KAS1002700,茨城県,カスミ学園の森店,https://iaeon.go.link/destination=qrscan_storecode?adj_t=1ghpmxty&adj_label=&store_code=KAS1002700
KAS1002710,千葉県,カスミ西の原店,https://iaeon.go.link/destination=qrscan_storecode?adj_t=1ghpmxty&adj_label=&store_code=KAS1002710
KAS1002730,埼玉県,カスミライフガーデン東松山店,https://iaeon.go.link/destination=qrscan_storecode?adj_t=1ghpmxty&adj_label=&store_code=KAS1002730
KAS1002740,千葉県,カスミライフガーデン茂原店,https://iaeon.go.link/destination=qrscan_storecode?adj_t=1ghpmxty&adj_label=&store_code=KAS1002740
KAS1002750,茨城県,カスミ美浦店,https://iaeon.go.link/destination=qrscan_storecode?adj_t=1ghpmxty&adj_label=&store_code=KAS1002750
KAS1002760,茨城県,カスミ境大橋店,https://iaeon.go.link/destination=qrscan_storecode?adj_t=1ghpmxty&adj_label=&store_code=KAS1002760
KAS1002780,茨城県,カスミ水海道栄町店,https://iaeon.go.link/destination=qrscan_storecode?adj_t=1ghpmxty&adj_label=&store_code=KAS1002780
KAS1002790,千葉県,カスミ千葉みなと店,https://iaeon.go.link/destination=qrscan_storecode?adj_t=1ghpmxty&adj_label=&store_code=KAS1002790
KAS1002800,茨城県,カスミ土浦駅前店,https://iaeon.go.link/destination=qrscan_storecode?adj_t=1ghpmxty&adj_label=&store_code=KAS1002800
KAS1002810,千葉県,カスミ咲が丘店,https://iaeon.go.link/destination=qrscan_storecode?adj_t=1ghpmxty&adj_label=&store_code=KAS1002810
KAS1002820,埼玉県,カスミ志木店,https://iaeon.go.link/destination=qrscan_storecode?adj_t=1ghpmxty&adj_label=&store_code=KAS1002820
KAS1002830,茨城県,カスミ取手ゆめみ野店,https://iaeon.go.link/destination=qrscan_storecode?adj_t=1ghpmxty&adj_label=&store_code=KAS1002830
KAS1002840,埼玉県,カスミ越谷レイクタウン店,https://iaeon.go.link/destination=qrscan_storecode?adj_t=1ghpmxty&adj_label=&store_code=KAS1002840
KAS1002850,東京都,カスミ板橋前野町店,https://iaeon.go.link/destination=qrscan_storecode?adj_t=1ghpmxty&adj_label=&store_code=KAS1002850
KAS1002860,千葉県,カスミイオンタウン木更津朝日店,https://iaeon.go.link/destination=qrscan_storecode?adj_t=1ghpmxty&adj_label=&store_code=KAS1002860
KAS1002870,千葉県,カスミ柏千代田店,https://iaeon.go.link/destination=qrscan_storecode?adj_t=1ghpmxty&adj_label=&store_code=KAS1002870
KAS1002880,千葉県,カスミ東習志野店,https://iaeon.go.link/destination=qrscan_storecode?adj_t=1ghpmxty&adj_label=&store_code=KAS1002880
KAS1002890,千葉県,カスミ多古店,https://iaeon.go.link/destination=qrscan_storecode?adj_t=1ghpmxty&adj_label=&store_code=KAS1002890
KAS1002900,千葉県,カスミゆりのき台店,https://iaeon.go.link/destination=qrscan_storecode?adj_t=1ghpmxty&adj_label=&store_code=KAS1002900
KAS1002910,茨城県,カスミ東海中央店,https://iaeon.go.link/destination=qrscan_storecode?adj_t=1ghpmxty&adj_label=&store_code=KAS1002910
KAS1002920,千葉県,カスミ高根台店,https://iaeon.go.link/destination=qrscan_storecode?adj_t=1ghpmxty&adj_label=&store_code=KAS1002920
KAS1002930,茨城県,カスミ土合店,https://iaeon.go.link/destination=qrscan_storecode?adj_t=1ghpmxty&adj_label=&store_code=KAS1002930
KAS1002940,茨城県,カスミライフガーデン神栖店,https://iaeon.go.link/destination=qrscan_storecode?adj_t=1ghpmxty&adj_label=&store_code=KAS1002940
KAS1002950,茨城県,カスミ富士見ヶ丘店,https://iaeon.go.link/destination=qrscan_storecode?adj_t=1ghpmxty&adj_label=&store_code=KAS1002950
KAS1002960,茨城県,カスミひたちなか笹野店,https://iaeon.go.link/destination=qrscan_storecode?adj_t=1ghpmxty&adj_label=&store_code=KAS1002960
KAS1002970,茨城県,カスミ江戸崎パンプ店,https://iaeon.go.link/destination=qrscan_storecode?adj_t=1ghpmxty&adj_label=&store_code=KAS1002970
KAS1002980,茨城県,カスミ千波店,https://iaeon.go.link/destination=qrscan_storecode?adj_t=1ghpmxty&adj_label=&store_code=KAS1002980
KAS1002990,茨城県,カスミ下妻ふるさわ店,https://iaeon.go.link/destination=qrscan_storecode?adj_t=1ghpmxty&adj_label=&store_code=KAS1002990
KAS1003000,茨城県,カスミ南町店,https://iaeon.go.link/destination=qrscan_storecode?adj_t=1ghpmxty&adj_label=&store_code=KAS1003000
KAS1003010,千葉県,カスミ横芝光店,https://iaeon.go.link/destination=qrscan_storecode?adj_t=1ghpmxty&adj_label=&store_code=KAS1003010
KAS1003020,茨城県,カスミ守谷テラス店,https://iaeon.go.link/destination=qrscan_storecode?adj_t=1ghpmxty&adj_label=&store_code=KAS1003020
KAS1003030,茨城県,カスミ古河丘里店,https://iaeon.go.link/destination=qrscan_storecode?adj_t=1ghpmxty&adj_label=&store_code=KAS1003030
KAS1003040,埼玉県,カスミ大利根店,https://iaeon.go.link/destination=qrscan_storecode?adj_t=1ghpmxty&adj_label=&store_code=KAS1003040
KAS1003050,茨城県,カスミ龍ヶ崎中里店,https://iaeon.go.link/destination=qrscan_storecode?adj_t=1ghpmxty&adj_label=&store_code=KAS1003050
KAS1003060,千葉県,カスミ稲毛海岸店,https://iaeon.go.link/destination=qrscan_storecode?adj_t=1ghpmxty&adj_label=&store_code=KAS1003060
KAS1003080,千葉県,カスミ新木駅前店,https://iaeon.go.link/destination=qrscan_storecode?adj_t=1ghpmxty&adj_label=&store_code=KAS1003080
KAS1003100,茨城県,カスミ水戸堀町店,https://iaeon.go.link/destination=qrscan_storecode?adj_t=1ghpmxty&adj_label=&store_code=KAS1003100
KAS1003110,茨城県,カスミ土浦中神立店,https://iaeon.go.link/destination=qrscan_storecode?adj_t=1ghpmxty&adj_label=&store_code=KAS1003110
KAS1003120,埼玉県,カスミフレスポ桶川坂田店,https://iaeon.go.link/destination=qrscan_storecode?adj_t=1ghpmxty&adj_label=&store_code=KAS1003120
KAS1003130,埼玉県,カスミ三芳店,https://iaeon.go.link/destination=qrscan_storecode?adj_t=1ghpmxty&adj_label=&store_code=KAS1003130
KAS1003140,埼玉県,カスミ原馬室店,https://iaeon.go.link/destination=qrscan_storecode?adj_t=1ghpmxty&adj_label=&store_code=KAS1003140
KAS1003150,茨城県,カスミ新利根店,https://iaeon.go.link/destination=qrscan_storecode?adj_t=1ghpmxty&adj_label=&store_code=KAS1003150
KAS1003160,茨城県,カスミ水戸西原店,https://iaeon.go.link/destination=qrscan_storecode?adj_t=1ghpmxty&adj_label=&store_code=KAS1003160
KAS1003180,茨城県,カスミ鹿嶋スタジアム店,https://iaeon.go.link/destination=qrscan_storecode?adj_t=1ghpmxty&adj_label=&store_code=KAS1003180
KAS1003190,茨城県,カスミライフガーデンみどりの店,https://iaeon.go.link/destination=qrscan_storecode?adj_t=1ghpmxty&adj_label=&store_code=KAS1003190
KAS1003240,茨城県,カスミ利根町店,https://iaeon.go.link/destination=qrscan_storecode?adj_t=1ghpmxty&adj_label=&store_code=KAS1003240
KAS1003270,茨城県,カスミ古河諸川店,https://iaeon.go.link/destination=qrscan_storecode?adj_t=1ghpmxty&adj_label=&store_code=KAS1003270
KAS1003280,茨城県,カスミ友部旭町店,https://iaeon.go.link/destination=qrscan_storecode?adj_t=1ghpmxty&adj_label=&store_code=KAS1003280
KAS1003290,千葉県,カスミ茂原マーケットプレイス店,https://iaeon.go.link/destination=qrscan_storecode?adj_t=1ghpmxty&adj_label=&store_code=KAS1003290
KAS1003300,千葉県,カスミ旭店,https://iaeon.go.link/destination=qrscan_storecode?adj_t=1ghpmxty&adj_label=&store_code=KAS1003300
KAS1003310,千葉県,カスミ成東店,https://iaeon.go.link/destination=qrscan_storecode?adj_t=1ghpmxty&adj_label=&store_code=KAS1003310
KAS1003320,千葉県,カスミ睦沢店,https://iaeon.go.link/destination=qrscan_storecode?adj_t=1ghpmxty&adj_label=&store_code=KAS1003320
KAS1003330,千葉県,カスミ大網店,https://iaeon.go.link/destination=qrscan_storecode?adj_t=1ghpmxty&adj_label=&store_code=KAS1003330
KAS1003360,千葉県,カスミ東茂原店,https://iaeon.go.link/destination=qrscan_storecode?adj_t=1ghpmxty&adj_label=&store_code=KAS1003360
KAS1003370,埼玉県,カスミ八潮大曽根店,https://iaeon.go.link/destination=qrscan_storecode?adj_t=1ghpmxty&adj_label=&store_code=KAS1003370
KAS1003380,東京都,カスミバイユー江戸川松江店,https://iaeon.go.link/destination=qrscan_storecode?adj_t=1ghpmxty&adj_label=&store_code=KAS1003380
KAS1003410,埼玉県,カスミイオンタウン上里店,https://iaeon.go.link/destination=qrscan_storecode?adj_t=1ghpmxty&adj_label=&store_code=KAS1003410
KAS1003420,茨城県,カスミ阿見よしわら店,https://iaeon.go.link/destination=qrscan_storecode?adj_t=1ghpmxty&adj_label=&store_code=KAS1003420
KAS1003430,東京都,カスミ赤羽神谷店,https://iaeon.go.link/destination=qrscan_storecode?adj_t=1ghpmxty&adj_label=&store_code=KAS1003430
KAS1003990,茨城県,カスミプルシェつくばキュート店,https://iaeon.go.link/destination=qrscan_storecode?adj_t=1ghpmxty&adj_label=&store_code=KAS1003990
KAS1003980,茨城県,カスミ筑波大学店,https://iaeon.go.link/destination=qrscan_storecode?adj_t=1ghpmxty&adj_label=&store_code=KAS1003980
KAS3002720,東京都,BLANDEオリナス錦糸町店,https://iaeon.go.link/destination=qrscan_storecode?adj_t=1ghpmxty&adj_label=&store_code=KAS3002720
KAS3003200,茨城県,BLANDEつくば並木店,https://iaeon.go.link/destination=qrscan_storecode?adj_t=1ghpmxty&adj_label=&store_code=KAS3003200
KAS3003230,茨城県,BLANDE研究学園店,https://iaeon.go.link/destination=qrscan_storecode?adj_t=1ghpmxty&adj_label=&store_code=KAS3003230
KAS3003250,埼玉県,BLANDE三郷店,https://iaeon.go.link/destination=qrscan_storecode?adj_t=1ghpmxty&adj_label=&store_code=KAS3003250
,,,
,,,
,,,
,,,
,,,
,,,
,,,
,,,
,,,
,,,
,,,
,,,
,,,
,,,
,,,
,,,
,,,
,,,
,,,
,,,
,,,
,,,
,,,
,,,
,,,
,,,
,,,
,,,
,,,
,,,
,,,
,,,
,,,
,,,
,,,
,,,
,,,
,,,
,,,
,,,
,,,
,,,
,,,
,,,
,,,
,,,
,,,
,,,
,,,
,,,
,,,
,,,
,,,
,,,
,,,
,,,
,,,
,,,
,,,
,,,
,,,
,,,
,,,
,,,
,,,
,,,
,,,
,,,
,,,
,,,
,,,
,,,
,,,
,,,
,,,
,,,
,,,
,,,
,,,
,,,
,,,
,,,
,,,
,,,
,,,
,,,
,,,
,,,
,,,
,,,
,,,
,,,
,,,
,,,
,,,
,,,
,,,
,,,
,,,
,,,
,,,
,,,
,,,
,,,
,,,
,,,
,,,
,,,
,,,
,,,
,,,
,,,
,,,
,,,
,,,
,,,
,,,
,,,
,,,
,,,
,,,
,,,
,,,
,,,
,,,
,,,
,,,
,,,
,,,
,,,
,,,
,,,
,,,
,,,
,,,
,,,
,,,
,,,
,,,
,,,
,,,
,,,
,,,
,,,
,,,
,,,
,,,
,,,
,,,
,,,
,,,
,,,
,,,
,,,
,,,
,,,
,,,
,,,
,,,
,,,
,,,
,,,
,,,
,,,
,,,
,,,
,,,
,,,
,,,
,,,
,,,
,,,
,,,
,,,
,,,
,,,
,,,
,,,
,,,
,,,
,,,
,,,
,,,
,,,
,,,
,,,
,,,