CSCストアコード,都道府県,店舗名,お気に入り店舗QRのURL,画像名,屋号,画像表示開始日,画像表示終了日,住所
0000029620,埼玉県,マックスバリュ蕨店,https://iaeon.go.link/destination=qrscan_storecode?adj_t=1ghpmxty&adj_label=&store_code=0000029620,000000000000_test01.jpg,マックスバリュ,,2026/5/15,
0000091770,埼玉県,マックスバリュエクスプレス大牧店,https://iaeon.go.link/destination=qrscan_storecode?adj_t=1ghpmxty&adj_label=&store_code=0000091770,000000000000_test02.jpg,マックスバリュ,,2026/5/15,
0000000260,千葉県,マックスバリュエクスプレス市川店,https://iaeon.go.link/destination=qrscan_storecode?adj_t=1ghpmxty&adj_label=&store_code=0000000260,000000000000_test03.jpg,マックスバリュ,,2026/5/15,
0000057710,千葉県,マックスバリュ稲毛長沼店,https://iaeon.go.link/destination=qrscan_storecode?adj_t=1ghpmxty&adj_label=&store_code=0000057710,000000000000_test04.jpg,マックスバリュ,,2026/5/18,
0000006390,千葉県,マックスバリュ木更津太田店,https://iaeon.go.link/destination=qrscan_storecode?adj_t=1ghpmxty&adj_label=&store_code=0000006390,000000000000_test05.jpg,マックスバリュ,,2026/5/19,
0000044770,千葉県,マックスバリュおゆみ野店,https://iaeon.go.link/destination=qrscan_storecode?adj_t=1ghpmxty&adj_label=&store_code=0000044770,000000000000_test06.jpg,マックスバリュ,,2026/5/20,
0000044830,千葉県,マックスバリュ木更津請西店,https://iaeon.go.link/destination=qrscan_storecode?adj_t=1ghpmxty&adj_label=&store_code=0000044830,000000000000_test07.jpg,マックスバリュ,,2026/5/21,
0000091210,千葉県,マックスバリュ新船橋店,https://iaeon.go.link/destination=qrscan_storecode?adj_t=1ghpmxty&adj_label=&store_code=0000091210,000000000000_test08.jpg,マックスバリュ,,2026/5/22,
0000091790,千葉県,マックスバリュエクスプレス新松戸店,https://iaeon.go.link/destination=qrscan_storecode?adj_t=1ghpmxty&adj_label=&store_code=0000091790,000000000000_test09.jpg,マックスバリュ,,2026/5/23,
0000006380,千葉県,マックスバリュ辰巳台店,https://iaeon.go.link/destination=qrscan_storecode?adj_t=1ghpmxty&adj_label=&store_code=0000006380,000000000000_test10.jpg,マックスバリュ,,2026/5/24,
0000006540,千葉県,マックスバリュ習志野台店,https://iaeon.go.link/destination=qrscan_storecode?adj_t=1ghpmxty&adj_label=&store_code=0000006540,000000000000_test11.jpg,マックスバリュ,,2026/5/25,
0000008810,千葉県,マックスバリュ成田富里店,https://iaeon.go.link/destination=qrscan_storecode?adj_t=1ghpmxty&adj_label=&store_code=0000008810,000000000000_test12.jpg,マックスバリュ,,2026/5/26,
0000029460,千葉県,マックスバリュ野田七光台店,https://iaeon.go.link/destination=qrscan_storecode?adj_t=1ghpmxty&adj_label=&store_code=0000029460,000000000000_test13.jpg,マックスバリュ,,2026/5/27,
0000029580,千葉県,マックスバリュ東習志野店,https://iaeon.go.link/destination=qrscan_storecode?adj_t=1ghpmxty&adj_label=&store_code=0000029580,000000000000_test14.jpg,マックスバリュ,,2026/5/28,
0000006160,千葉県,マックスバリュ松ヶ崎店,https://iaeon.go.link/destination=qrscan_storecode?adj_t=1ghpmxty&adj_label=&store_code=0000006160,000000000000_test01.jpg,マックスバリュ,,2026/5/29,
0000091810,東京都,マックスバリュエクスプレス池上店,https://iaeon.go.link/destination=qrscan_storecode?adj_t=1ghpmxty&adj_label=&store_code=0000091810,000000000000_test02.jpg,マックスバリュ,,2026/5/30,
0000070000,東京都,マックスバリュエクスプレス亀戸センタープラザ店,https://iaeon.go.link/destination=qrscan_storecode?adj_t=1ghpmxty&adj_label=&store_code=0000070000,000000000000_test03.jpg,マックスバリュ,,2026/5/31,
0000044820,東京都,マックスバリュエクスプレス北烏山店,https://iaeon.go.link/destination=qrscan_storecode?adj_t=1ghpmxty&adj_label=&store_code=0000044820,000000000000_test04.jpg,マックスバリュ,,2026/6/1,
0000045470,東京都,マックスバリュ竹の塚店,https://iaeon.go.link/destination=qrscan_storecode?adj_t=1ghpmxty&adj_label=&store_code=0000045470,000000000000_test05.jpg,マックスバリュ,,2026/6/2,
0000025670,東京都,マックスバリュ田無芝久保店,https://iaeon.go.link/destination=qrscan_storecode?adj_t=1ghpmxty&adj_label=&store_code=0000025670,000000000000_test06.jpg,マックスバリュ,,2026/6/3,
0000050590,東京都,マックスバリュエクスプレス船堀駅前店,https://iaeon.go.link/destination=qrscan_storecode?adj_t=1ghpmxty&adj_label=&store_code=0000050590,000000000000_test07.jpg,マックスバリュ,,2026/6/4,
0000058460,東京都,マックスバリュエクスプレス保木間店,https://iaeon.go.link/destination=qrscan_storecode?adj_t=1ghpmxty&adj_label=&store_code=0000058460,000000000000_test08.jpg,マックスバリュ,,2026/6/5,
0000018530,東京都,マックスバリュエクスプレス松島店,https://iaeon.go.link/destination=qrscan_storecode?adj_t=1ghpmxty&adj_label=&store_code=0000018530,000000000000_test09.jpg,マックスバリュ,,2026/6/6,
0000044800,東京都,マックスバリュエクスプレス六郷土手駅前店,https://iaeon.go.link/destination=qrscan_storecode?adj_t=1ghpmxty&adj_label=&store_code=0000044800,000000000000_test10.jpg,マックスバリュ,,2026/6/7,
0000031170,神奈川県,マックスバリュエクスプレス木月住吉店,https://iaeon.go.link/destination=qrscan_storecode?adj_t=1ghpmxty&adj_label=&store_code=0000031170,000000000000_test11.jpg,マックスバリュ,,2026/6/8,
0000029330,神奈川県,マックスバリュ津田山店,https://iaeon.go.link/destination=qrscan_storecode?adj_t=1ghpmxty&adj_label=&store_code=0000029330,000000000000_test12.jpg,マックスバリュ,,2026/6/9,
0000803250,東京都,イオンフードスタイル小平店,https://iaeon.go.link/destination=qrscan_storecode?adj_t=1ghpmxty&adj_label=&store_code=0000803250,000000000000_test13.jpg,イオンフードスタイル,,2026/6/10,
0000073850,東京都,PEACOCK STORE竹の塚店,https://iaeon.go.link/destination=qrscan_storecode?adj_t=1ghpmxty&adj_label=&store_code=0000073850,000000000000_test14.jpg,PEACOCK,,2026/6/11,
0000076870,東京都,PEACOCK STORE高島平店,https://iaeon.go.link/destination=qrscan_storecode?adj_t=1ghpmxty&adj_label=&store_code=0000076870,000000000000_test01.jpg,PEACOCK,,2026/6/12,
0000077430,東京都,PEACOCK STORE石川台店,https://iaeon.go.link/destination=qrscan_storecode?adj_t=1ghpmxty&adj_label=&store_code=0000077430,000000000000_test02.jpg,PEACOCK,,2026/6/13,
0000076110,東京都,PEACOCK STORE大島店,https://iaeon.go.link/destination=qrscan_storecode?adj_t=1ghpmxty&adj_label=&store_code=0000076110,000000000000_test03.jpg,PEACOCK,,2026/6/14,
0000076150,東京都,PEACOCK STORE恵比寿店,https://iaeon.go.link/destination=qrscan_storecode?adj_t=1ghpmxty&adj_label=&store_code=0000076150,000000000000_test04.jpg,PEACOCK,,2026/6/15,
0000076100,東京都,PEACOCK STORE恵比寿南店,https://iaeon.go.link/destination=qrscan_storecode?adj_t=1ghpmxty&adj_label=&store_code=0000076100,000000000000_test05.jpg,PEACOCK,,2026/6/16,
0000079230,東京都,PEACOCK STORE代官山店,https://iaeon.go.link/destination=qrscan_storecode?adj_t=1ghpmxty&adj_label=&store_code=0000079230,000000000000_test06.jpg,PEACOCK,,2026/6/17,
0000076500,東京都,PEACOCK STORE高田馬場店,https://iaeon.go.link/destination=qrscan_storecode?adj_t=1ghpmxty&adj_label=&store_code=0000076500,000000000000_test07.jpg,PEACOCK,,2026/6/18,
0000073940,東京都,PEACOCK STORE目白店,https://iaeon.go.link/destination=qrscan_storecode?adj_t=1ghpmxty&adj_label=&store_code=0000073940,000000000000_test08.jpg,PEACOCK,,2026/6/19,
0000074040,東京都,PEACOCK STORE阿佐谷店,https://iaeon.go.link/destination=qrscan_storecode?adj_t=1ghpmxty&adj_label=&store_code=0000074040,000000000000_test09.jpg,PEACOCK,,,
0000076580,東京都,PEACOCK STORE井荻店,https://iaeon.go.link/destination=qrscan_storecode?adj_t=1ghpmxty&adj_label=&store_code=0000076580,000000000000_test10.jpg,PEACOCK,,,
0000076400,東京都,PEACOCK STORE久我山店,https://iaeon.go.link/destination=qrscan_storecode?adj_t=1ghpmxty&adj_label=&store_code=0000076400,000000000000_test11.jpg,PEACOCK,,,
0000076760,東京都,PEACOCK STORE経堂店,https://iaeon.go.link/destination=qrscan_storecode?adj_t=1ghpmxty&adj_label=&store_code=0000076760,000000000000_test12.jpg,PEACOCK,,,
0000076930,東京都,PEACOCK STORE桜新町店,https://iaeon.go.link/destination=qrscan_storecode?adj_t=1ghpmxty&adj_label=&store_code=0000076930,000000000000_test13.jpg,PEACOCK,,,
0000078390,東京都,PEACOCK STORE三軒茶屋の杜店,https://iaeon.go.link/destination=qrscan_storecode?adj_t=1ghpmxty&adj_label=&store_code=0000078390,000000000000_test14.jpg,PEACOCK,,,
0000079220,東京都,PEACOCK STOREトルナーレ日本橋浜町店,https://iaeon.go.link/destination=qrscan_storecode?adj_t=1ghpmxty&adj_label=&store_code=0000079220,,PEACOCK,,,
0000079390,東京都,PEACOCK STORE神田妻恋坂店,https://iaeon.go.link/destination=qrscan_storecode?adj_t=1ghpmxty&adj_label=&store_code=0000079390,,PEACOCK,,,
0000079650,東京都,PEACOCK STORE上池袋店,https://iaeon.go.link/destination=qrscan_storecode?adj_t=1ghpmxty&adj_label=&store_code=0000079650,,PEACOCK,,,
0000076850,東京都,PEACOCK STORE都立家政店,https://iaeon.go.link/destination=qrscan_storecode?adj_t=1ghpmxty&adj_label=&store_code=0000076850,,PEACOCK,,,
0000077000,東京都,PEACOCK STORE高野台店,https://iaeon.go.link/destination=qrscan_storecode?adj_t=1ghpmxty&adj_label=&store_code=0000077000,,PEACOCK,,,
0000077170,東京都,PEACOCK STORE文京グリーンコート店,https://iaeon.go.link/destination=qrscan_storecode?adj_t=1ghpmxty&adj_label=&store_code=0000077170,,PEACOCK,,,
0000079330,東京都,PEACOCK STORE芝浦アイランド店,https://iaeon.go.link/destination=qrscan_storecode?adj_t=1ghpmxty&adj_label=&store_code=0000079330,,PEACOCK,,,
0000073750,東京都,PEACOCK STORE高輪魚籃坂店,https://iaeon.go.link/destination=qrscan_storecode?adj_t=1ghpmxty&adj_label=&store_code=0000073750,,PEACOCK,,,
0000077240,東京都,FoodStyle三田店,https://iaeon.go.link/destination=qrscan_storecode?adj_t=1ghpmxty&adj_label=&store_code=0000077240,,PEACOCK,,,
0000077940,東京都,PEACOCK STORE国立弁天通り店,https://iaeon.go.link/destination=qrscan_storecode?adj_t=1ghpmxty&adj_label=&store_code=0000077940,,PEACOCK,,,
0000077270,東京都,PEACOCK STORE玉川上水店,https://iaeon.go.link/destination=qrscan_storecode?adj_t=1ghpmxty&adj_label=&store_code=0000077270,,PEACOCK,,,
0000077440,東京都,PEACOCK STORE花小金井店,https://iaeon.go.link/destination=qrscan_storecode?adj_t=1ghpmxty&adj_label=&store_code=0000077440,,PEACOCK,,,
0000077100,東京都,PEACOCK STORE東小金井店,https://iaeon.go.link/destination=qrscan_storecode?adj_t=1ghpmxty&adj_label=&store_code=0000077100,,PEACOCK,,,
0000076790,神奈川県,PEACOCK STORE磯子店,https://iaeon.go.link/destination=qrscan_storecode?adj_t=1ghpmxty&adj_label=&store_code=0000076790,,PEACOCK,,,
0000077960,神奈川県,PEACOCK STORE藤沢トレアージュ白旗店,https://iaeon.go.link/destination=qrscan_storecode?adj_t=1ghpmxty&adj_label=&store_code=0000077960,,PEACOCK,,,
0000076900,神奈川県,PEACOCK STORE本郷台店,https://iaeon.go.link/destination=qrscan_storecode?adj_t=1ghpmxty&adj_label=&store_code=0000076900,,PEACOCK,,,
0000076590,神奈川県,PEACOCK STORE洋光台店,https://iaeon.go.link/destination=qrscan_storecode?adj_t=1ghpmxty&adj_label=&store_code=0000076590,,PEACOCK,,,
0000127450,千葉県,PEACOCK STORE豊四季台店,https://iaeon.go.link/destination=qrscan_storecode?adj_t=1ghpmxty&adj_label=&store_code=0000127450,,PEACOCK,,,
0000808550,東京都,ダイエー南砂町スナモ店イオンフードスタイル,https://iaeon.go.link/destination=qrscan_storecode?adj_t=1ghpmxty&adj_label=&store_code=0000808550,,ダイエー,,,
0000802890,千葉県,ダイエー市川店イオンフードスタイル,https://iaeon.go.link/destination=qrscan_storecode?adj_t=1ghpmxty&adj_label=&store_code=0000802890,,ダイエー,,,
0000805280,東京都,ダイエー西八王子店,https://iaeon.go.link/destination=qrscan_storecode?adj_t=1ghpmxty&adj_label=&store_code=0000805280,,ダイエー,,,
0000805400,神奈川県,グルメシティ光が丘店,https://iaeon.go.link/destination=qrscan_storecode?adj_t=1ghpmxty&adj_label=&store_code=0000805400,,ダイエー,,,
0000805480,神奈川県,グルメシティ淵野辺本町店,https://iaeon.go.link/destination=qrscan_storecode?adj_t=1ghpmxty&adj_label=&store_code=0000805480,,ダイエー,,,
0000805500,東京都,ダイエー小金井店イオンフードスタイル,https://iaeon.go.link/destination=qrscan_storecode?adj_t=1ghpmxty&adj_label=&store_code=0000805500,,ダイエー,,,
0000805570,東京都,ダイエー国立店イオンフードスタイル,https://iaeon.go.link/destination=qrscan_storecode?adj_t=1ghpmxty&adj_label=&store_code=0000805570,,ダイエー,,,
0000805650,東京都,グルメシティ高尾店,https://iaeon.go.link/destination=qrscan_storecode?adj_t=1ghpmxty&adj_label=&store_code=0000805650,,ダイエー,,,
0000805680,神奈川県,ダイエー湘南台店,https://iaeon.go.link/destination=qrscan_storecode?adj_t=1ghpmxty&adj_label=&store_code=0000805680,,ダイエー,,,
0000805760,東京都,イオンフードスタイル船堀店,https://iaeon.go.link/destination=qrscan_storecode?adj_t=1ghpmxty&adj_label=&store_code=0000805760,,ダイエー,,,
0000805850,神奈川県,ダイエー十日市場店,https://iaeon.go.link/destination=qrscan_storecode?adj_t=1ghpmxty&adj_label=&store_code=0000805850,,ダイエー,,,
0000805870,埼玉県,イオンフードスタイル東浦和店,https://iaeon.go.link/destination=qrscan_storecode?adj_t=1ghpmxty&adj_label=&store_code=0000805870,,ダイエー,,,
0000805890,東京都,ダイエー東大島店,https://iaeon.go.link/destination=qrscan_storecode?adj_t=1ghpmxty&adj_label=&store_code=0000805890,,ダイエー,,,
0000807220,千葉県,グルメシティ千葉中央店,https://iaeon.go.link/destination=qrscan_storecode?adj_t=1ghpmxty&adj_label=&store_code=0000807220,,ダイエー,,,
0000807240,埼玉県,グルメシティ浦和道場店,https://iaeon.go.link/destination=qrscan_storecode?adj_t=1ghpmxty&adj_label=&store_code=0000807240,,ダイエー,,,
0000807260,神奈川県,foodium武蔵小杉,https://iaeon.go.link/destination=qrscan_storecode?adj_t=1ghpmxty&adj_label=&store_code=0000807260,,ダイエー,,,
0000807510,東京都,ダイエー下北沢店,https://iaeon.go.link/destination=qrscan_storecode?adj_t=1ghpmxty&adj_label=&store_code=0000807510,,ダイエー,,,
0000807530,神奈川県,ダイエー藤沢店,https://iaeon.go.link/destination=qrscan_storecode?adj_t=1ghpmxty&adj_label=&store_code=0000807530,,ダイエー,,,
0000807550,神奈川県,ダイエー津久井店,https://iaeon.go.link/destination=qrscan_storecode?adj_t=1ghpmxty&adj_label=&store_code=0000807550,,ダイエー,,,
0000807560,埼玉県,ダイエー草加店,https://iaeon.go.link/destination=qrscan_storecode?adj_t=1ghpmxty&adj_label=&store_code=0000807560,,ダイエー,,,
0000807570,埼玉県,ダイエー南浦和東口店,https://iaeon.go.link/destination=qrscan_storecode?adj_t=1ghpmxty&adj_label=&store_code=0000807570,,ダイエー,,,
0000807600,神奈川県,ダイエー相武台店,https://iaeon.go.link/destination=qrscan_storecode?adj_t=1ghpmxty&adj_label=&store_code=0000807600,,ダイエー,,,
0000807610,千葉県,ダイエー浦安駅前店,https://iaeon.go.link/destination=qrscan_storecode?adj_t=1ghpmxty&adj_label=&store_code=0000807610,,ダイエー,,,
0000807640,東京都,グルメシティ町屋店,https://iaeon.go.link/destination=qrscan_storecode?adj_t=1ghpmxty&adj_label=&store_code=0000807640,,ダイエー,,,
0000807650,東京都,ダイエー小石川店,https://iaeon.go.link/destination=qrscan_storecode?adj_t=1ghpmxty&adj_label=&store_code=0000807650,,ダイエー,,,
0000807660,東京都,ダイエー麻布十番店,https://iaeon.go.link/destination=qrscan_storecode?adj_t=1ghpmxty&adj_label=&store_code=0000807660,,ダイエー,,,
0000807690,東京都,ダイエー月島店,https://iaeon.go.link/destination=qrscan_storecode?adj_t=1ghpmxty&adj_label=&store_code=0000807690,,ダイエー,,,
0000807700,東京都,グルメシティ京成小岩店,https://iaeon.go.link/destination=qrscan_storecode?adj_t=1ghpmxty&adj_label=&store_code=0000807700,,ダイエー,,,
0000807720,東京都,ダイエー幡ヶ谷店,https://iaeon.go.link/destination=qrscan_storecode?adj_t=1ghpmxty&adj_label=&store_code=0000807720,,ダイエー,,,
0000807730,東京都,ダイエー豊島団地店,https://iaeon.go.link/destination=qrscan_storecode?adj_t=1ghpmxty&adj_label=&store_code=0000807730,,ダイエー,,,
0000807740,東京都,ダイエー立花団地店,https://iaeon.go.link/destination=qrscan_storecode?adj_t=1ghpmxty&adj_label=&store_code=0000807740,,ダイエー,,,
0000807760,東京都,ダイエー高田店イオンフードスタイル,https://iaeon.go.link/destination=qrscan_storecode?adj_t=1ghpmxty&adj_label=&store_code=0000807760,,ダイエー,,,
0000807770,東京都,ダイエー三軒茶屋店イオンフードスタイル,https://iaeon.go.link/destination=qrscan_storecode?adj_t=1ghpmxty&adj_label=&store_code=0000807770,,ダイエー,,,
0000807780,東京都,グルメシティ東尾久店,https://iaeon.go.link/destination=qrscan_storecode?adj_t=1ghpmxty&adj_label=&store_code=0000807780,,ダイエー,,,
0000807790,東京都,グルメシティ柴又店,https://iaeon.go.link/destination=qrscan_storecode?adj_t=1ghpmxty&adj_label=&store_code=0000807790,,ダイエー,,,
0000807810,東京都,ダイエー千住曙町店,https://iaeon.go.link/destination=qrscan_storecode?adj_t=1ghpmxty&adj_label=&store_code=0000807810,,ダイエー,,,
0000807820,東京都,イオンフードスタイル東五反田店,https://iaeon.go.link/destination=qrscan_storecode?adj_t=1ghpmxty&adj_label=&store_code=0000807820,,ダイエー,,,
0000807830,東京都,グルメシティ東向島駅前店,https://iaeon.go.link/destination=qrscan_storecode?adj_t=1ghpmxty&adj_label=&store_code=0000807830,,ダイエー,,,
0000807850,東京都,グルメシティ武蔵境店,https://iaeon.go.link/destination=qrscan_storecode?adj_t=1ghpmxty&adj_label=&store_code=0000807850,,ダイエー,,,
0000807860,東京都,グルメシティ多摩店,https://iaeon.go.link/destination=qrscan_storecode?adj_t=1ghpmxty&adj_label=&store_code=0000807860,,ダイエー,,,
0000807870,東京都,グルメシティ立川若葉店,https://iaeon.go.link/destination=qrscan_storecode?adj_t=1ghpmxty&adj_label=&store_code=0000807870,,ダイエー,,,
0000807900,東京都,ダイエー板橋サンゼリゼ店,https://iaeon.go.link/destination=qrscan_storecode?adj_t=1ghpmxty&adj_label=&store_code=0000807900,,ダイエー,,,
0000807920,東京都,グルメシティ三鷹中原店,https://iaeon.go.link/destination=qrscan_storecode?adj_t=1ghpmxty&adj_label=&store_code=0000807920,,ダイエー,,,
0000807930,神奈川県,グルメシティ横浜藤が丘店,https://iaeon.go.link/destination=qrscan_storecode?adj_t=1ghpmxty&adj_label=&store_code=0000807930,,ダイエー,,,
0000807950,東京都,グルメシティ京王八王子店,https://iaeon.go.link/destination=qrscan_storecode?adj_t=1ghpmxty&adj_label=&store_code=0000807950,,ダイエー,,,
0000807960,東京都,グルメシティ鶴川緑山店,https://iaeon.go.link/destination=qrscan_storecode?adj_t=1ghpmxty&adj_label=&store_code=0000807960,,ダイエー,,,
0000808000,東京都,グルメシティ成瀬台店,https://iaeon.go.link/destination=qrscan_storecode?adj_t=1ghpmxty&adj_label=&store_code=0000808000,,ダイエー,,,
0000808520,東京都,ダイエー町田店,https://iaeon.go.link/destination=qrscan_storecode?adj_t=1ghpmxty&adj_label=&store_code=0000808520,,ダイエー,,,
0000808530,千葉県,ダイエー市川大和田店イオンフードスタイル,https://iaeon.go.link/destination=qrscan_storecode?adj_t=1ghpmxty&adj_label=&store_code=0000808530,,ダイエー,,,
0000808760,東京都,イオンフードスタイル八王子店,https://iaeon.go.link/destination=qrscan_storecode?adj_t=1ghpmxty&adj_label=&store_code=0000808760,,イオンフードスタイル,,,
0000150330,東京都,PEACOCK STORE稲城長沼店,https://iaeon.go.link/destination=qrscan_storecode?adj_t=1ghpmxty&adj_label=&store_code=0000150330,,イオンフードスタイル,,,
0000808820,神奈川県,イオンフードスタイル相模原店,https://iaeon.go.link/destination=qrscan_storecode?adj_t=1ghpmxty&adj_label=&store_code=0000808820,,イオンフードスタイル,,,
0000808850,東京都,イオンフードスタイル日野駅前店,https://iaeon.go.link/destination=qrscan_storecode?adj_t=1ghpmxty&adj_label=&store_code=0000808850,,イオンフードスタイル,,,
0000808860,東京都,イオンフードスタイル稲城長沼店,https://iaeon.go.link/destination=qrscan_storecode?adj_t=1ghpmxty&adj_label=&store_code=0000808860,,イオンフードスタイル,,,
0000808880,東京都,ダイエー豊洲店,https://iaeon.go.link/destination=qrscan_storecode?adj_t=1ghpmxty&adj_label=&store_code=0000808880,,イオンフードスタイル,,,
0000090420,千葉県,マックスバリュエクスプレス幕張店,https://iaeon.go.link/destination=qrscan_storecode?adj_t=1ghpmxty&adj_label=&store_code=0000090420,,イオンフードスタイル,,,
0000808920,東京都,イオンフードスタイル西新宿店,https://iaeon.go.link/destination=qrscan_storecode?adj_t=1ghpmxty&adj_label=&store_code=0000808920,,イオンフードスタイル,,,
0000808930,東京都,ダイエー赤羽スズラン通り店,https://iaeon.go.link/destination=qrscan_storecode?adj_t=1ghpmxty&adj_label=&store_code=0000808930,,イオンフードスタイル,,,
0000808950,神奈川県,イオンフードスタイル横浜西口店,https://iaeon.go.link/destination=qrscan_storecode?adj_t=1ghpmxty&adj_label=&store_code=0000808950,,イオンフードスタイル,,,
0000718230,東京都,PEACOCK STORE自由が丘 デュ アオーネ店,https://iaeon.go.link/destination=qrscan_storecode?adj_t=1ghpmxty&adj_label=&store_code=0000718230,,イオンフードスタイル,,,
0000808960,東京都,ダイエー四谷荒木町店,https://iaeon.go.link/destination=qrscan_storecode?adj_t=1ghpmxty&adj_label=&store_code=0000808960,,イオンフードスタイル,,,
0000808980,神奈川県,イオンフードスタイル向ヶ丘店,https://iaeon.go.link/destination=qrscan_storecode?adj_t=1ghpmxty&adj_label=&store_code=0000808980,,イオンフードスタイル,,,
0000800010,東京都,イオンフードスタイル墨田横川店,https://iaeon.go.link/destination=qrscan_storecode?adj_t=1ghpmxty&adj_label=&store_code=0000800010,,イオンフードスタイル,,,
0000800020,東京都,イオンフードスタイル西大島店,https://iaeon.go.link/destination=qrscan_storecode?adj_t=1ghpmxty&adj_label=&store_code=0000800020,,イオンフードスタイル,,,
0000754690,神奈川県,マックスバリュエクスプレス相模大野店,https://iaeon.go.link/destination=qrscan_storecode?adj_t=1ghpmxty&adj_label=&store_code=0000754690,,イオンフードスタイル,,,